path,sha256,true_label,top1_labels,top1_contains_truth,top2_labels,top2_contains_truth,score_computer,score_book,score_other
G:\내 드라이브\side_project\sample\bed\bed1.jpeg,24db0a98d7135f56912e8c8c447415d621b1659fac5a18f4302d5a49b0873c1f,other,other,True,other;book,True,0.03807494416832924,0.2672182023525238,0.9531323313713074
G:\내 드라이브\side_project\sample\bed\bed10.jpeg,81acf7162cf45e875c2038c2acb2147bf525c46910ad44b76f7a91e5821b6f94,other,other,True,other;book,True,0.047280021011829376,0.1044696494936943,0.9466981291770935
G:\내 드라이브\side_project\sample\bed\bed11.jpeg,c368b7e3bf84b02b7ce55035a003f592fa87daef0fd14fbe1ea09174dd4a7807,other,other,True,other;book,True,0.06428282707929611,0.09676206111907959,0.963316798210144
G:\내 드라이브\side_project\sample\bed\bed12.jpeg,da1f03a9566de1db3539742e33742f0561419ca8fd58050381f62bb0c292156e,other,other,True,other;computer,True,0.2503880560398102,0.1343001276254654,0.9421998858451843
G:\내 드라이브\side_project\sample\bed\bed13.jpeg,d45f1fe5a2715d93829b7dc7433553c197be5ea27c834c8ab37df4b9fffe2e3b,other,other,True,other;computer,True,0.1130661591887474,0.04024109989404678,0.9627446532249451
G:\내 드라이브\side_project\sample\bed\bed2.jpeg,ea652d8e0f018e10094a653645f1e826e4e51a321dfa5aea3c1a47b409a9a428,other,other,True,other;book,True,0.06223474070429802,0.06612390279769897,0.9520696997642517
G:\내 드라이브\side_project\sample\bed\bed3.jpeg,dcb695bcc77c5eaabcdd33979509119331452c2ba102c09a62fb72e191df8463,other,other,True,other,True,0.014064480550587177,0.02248948998749256,0.9313416481018066
G:\내 드라이브\side_project\sample\bed\bed4.jpeg,068036356d3b9b27b3ae100d291f7eead54db9de668f9dbf944c2a599e6c8b19,other,other,True,other,True,0.01420369278639555,0.013744071125984192,0.9526589512825012
G:\내 드라이브\side_project\sample\bed\bed5.jpeg,e5b67333cf772aecbe1e57be79fe068da15597397223452f15cfaf6f7b3d3807,other,other,True,other;book,True,0.07073880732059479,0.19606941938400269,0.9433015584945679
G:\내 드라이브\side_project\sample\bed\bed6.jpeg,b471d10f9500599bf2a1862b80d0d95937cf55ae8f834c35fedd409007d9f4bc,other,other,True,other,True,0.0,0.01681390590965748,0.9723504185676575
G:\내 드라이브\side_project\sample\bed\bed7.jpeg,b36fe9d9e15a61d3040498ab771bc6493af93cdc55b0e7d0f54f2b066ecaf035,other,other,True,other;book,True,0.03281943127512932,0.7871506810188293,0.9529310464859009
G:\내 드라이브\side_project\sample\bed\bed8.jpeg,041ea5c0487b07c5360457cd5ff8853d88bfe0ccc4fee74f88ef28ed44b4aec1,other,other,True,other,True,0.0,0.0,0.9647650718688965
G:\내 드라이브\side_project\sample\bed\bed9.jpeg,2d41b011a1fd53b30f33a3c9d7746d5d0a71abbb10d74b6c3d7ea2e5f03ae610,other,other,True,other;computer,True,0.9231551289558411,0.04902555048465729,0.9673048853874207
G:\내 드라이브\side_project\sample\bicycle\open_image\bicycle_0014_2a8b321ec6b68648.jpg,ee4d2380f2a66d9e78d3d8abcac5d317aa187ca9a7ba72d4882bacdb1780b153,other,other,True,other,True,0.0,0.016886234283447266,0.9752917289733887
G:\내 드라이브\side_project\sample\bicycle\open_image\bicycle_0019_db602fc8959dc474.jpg,e656e77a96f90b8d9c2bd4c07b97cc706a688859cf1c7d454a9e16c9d595f69e,other,other,True,other,True,0.0,0.0,0.5427952408790588
G:\내 드라이브\side_project\sample\bicycle\open_image\bicycle_0020_9444156971086112.jpg,7bdd095f8b24b78c79365c27d55779aa3640f0fc804043664340414d9c3180d6,other,other,True,other,True,0.0,0.0,0.8582807779312134
G:\내 드라이브\side_project\sample\bicycle\open_image\bicycle_0022_e4fe948f11183552.jpg,e016c18d09ea81ead0f463bcd8bf98d577a5c8bf8c6919ad7c81d35820060d11,other,other,True,other;computer,True,0.08039393275976181,0.0,0.7305220365524292
G:\내 드라이브\side_project\sample\bicycle\open_image\bicycle_0024_adbe2d4db09dcb89.jpg,c438dbe9cb8961e3811d6fb25797cca24fdde886ef982b901df1e5668982d14b,other,other,True,other,True,0.0,0.0,0.9594836235046387
G:\내 드라이브\side_project\sample\bicycle\open_image\bicycle_0027_c7d1dcc476ce88b2.jpg,fe28ad4b8eb7d34b135671eda2919da5a9e9dac229d81094b67718289ecaffbf,other,other,True,other;book,True,0.0,0.05137235298752785,0.9334049224853516
G:\내 드라이브\side_project\sample\bicycle\open_image\bicycle_0029_65e957b219f0c516.jpg,ef449c753fe7f6f0cceaf7c0b00a753361672388a7fd2e2e0180e5475b4f2ba1,other,other,True,other,True,0.0,0.0,0.97633957862854
G:\내 드라이브\side_project\sample\bicycle\open_image\bicycle_0032_6d101409449a183e.jpg,a062e1c8c24ec6ecc7f8cee73e30e389a1c6ec4de12f2aa4161942808d3d7378,other,other,True,other,True,0.0,0.0,0.9805537462234497
G:\내 드라이브\side_project\sample\bicycle\open_image\bicycle_0033_d2c3cebf153a1de9.jpg,c7cf540158ad7b38f3b3a593e486cc5ac4c75d758063218579ecdd04f16e32a0,other,other,True,other;book,True,0.12817534804344177,0.3713655471801758,0.9669263362884521
G:\내 드라이브\side_project\sample\bicycle\open_image\bicycle_0034_ab2fcf562be3d51d.jpg,968f3dd50e1dd85cdbb49ed42b2bbd1c5365f117cfc4ee4ba58fbca85b479dd8,other,other,True,other,True,0.0,0.04105927050113678,0.9544842839241028
G:\내 드라이브\side_project\sample\bicycle\open_image\bicycle_0035_aa8e1bec1b11f061.jpg,094cfb922d9a356922a2ee252975f53a8e761df8b022cc2ba3852788184ce731,other,other,True,other,True,0.0,0.0,0.9566367268562317
G:\내 드라이브\side_project\sample\bicycle\open_image\bicycle_0036_971296ff17028502.jpg,325b85b67fecdaa4615d32fd0b209b1e2967c01685c3211413870f39e4f187f1,other,other,True,other,True,0.0,0.0,0.970392107963562
G:\내 드라이브\side_project\sample\bicycle\open_image\bicycle_0037_7eb6688b2bc4fd3a.jpg,003661735f94047d60b6c20619cd799ba74e049f2e282fbde1eace9f52fd93b2,other,other,True,other;computer,True,0.05564243346452713,0.0,0.8111705780029297
G:\내 드라이브\side_project\sample\bicycle\open_image\bicycle_0038_cb3bf3a4c2945191.jpg,f3890274f26bf0730c07764f6c2592939c1a117d73618181d8e6c03b32fb2e87,other,other,True,other,True,0.0,0.0,0.9432973265647888
G:\내 드라이브\side_project\sample\bicycle\open_image\bicycle_0039_6818123481318b16.jpg,80e5c4675fad679b7d8ab2314d7c87aafad400dcbc69c187de54a45d3db3b558,other,other,True,other,True,0.0,0.0,0.8738829493522644
G:\내 드라이브\side_project\sample\bicycle\open_image\bicycle_0040_ff32d94a61b95467.jpg,a65767fc72ce47d780ed707ef9cbecefb48d097172da67218c94d98df4a9c41e,other,other,True,other;computer,True,0.05502421408891678,0.0,0.9557216763496399
G:\내 드라이브\side_project\sample\bicycle\open_image\bicycle_0041_0668a217b33e5a36.jpg,6073e3553bdb3d840360001ae9ff404b436434c9b4a99a89bcee40cb40eb0f93,other,other,True,other;book,True,0.0,0.3865851163864136,0.9824666976928711
G:\내 드라이브\side_project\sample\bicycle\open_image\bicycle_0042_00e9084d1bc8e0ea.jpg,7f9027ac3310baa8c05f553178a116eb6192518836d70f35472819a7ea2b2416,other,other,True,other,True,0.0,0.0,0.9718719720840454
G:\내 드라이브\side_project\sample\bicycle\open_image\bicycle_0043_9f71903a152a891c.jpg,4491640cf8dcc98e8f1fd843ec8878755be2dc5f951ff5393308ee4ba2cae80a,other,other,True,other,True,0.0,0.0,0.9750667214393616
G:\내 드라이브\side_project\sample\bicycle\open_image\bicycle_0044_24a24aaed024974b.jpg,96945fb7ab7bf4a4a9562c04d94da78c882a383ad47774b1887a141075ca8c06,other,other,True,other,True,0.0,0.012272530235350132,0.9759449362754822
G:\내 드라이브\side_project\sample\bicycle\open_image\bicycle_0047_b17c7a06da55c538.jpg,800c71f21fb3cab81c59b15cffe4ada8e182a3f30a7d8f8b674ec7b2bc705209,other,other,True,other,True,0.0,0.0,0.9429909586906433
G:\내 드라이브\side_project\sample\bicycle\open_image\bicycle_0048_4f76d507fd32eace.jpg,3704906a590343244ce513714134e173a84fe9ecfa68958e8de6955cd1067918,other,other,True,other,True,0.0,0.0,0.9713233709335327
G:\내 드라이브\side_project\sample\bicycle\open_image\bicycle_0049_5f6e5d6c4fd84327.jpg,7167fca8d0834ef00e6eb1133940c1e4536d11c1fe3ea48ad19ce7621773351c,other,other,True,other,True,0.022243106737732887,0.019907528534531593,0.973712682723999
G:\내 드라이브\side_project\sample\bicycle\open_image\bicycle_0050_d88472febc8e49ce.jpg,86afd20db2bfbf4075561809943665c540c2a54ad278734ed19981f517e7812d,other,other,True,other;computer,True,0.43926820158958435,0.041290804743766785,0.9492810964584351
G:\내 드라이브\side_project\sample\bicycle\open_image\bike_pinterest_1.jpeg,08e355cc49cac9a2f3491eb4a66aece430b266c674ae04fb239df50c0444de39,other,other,True,other,True,0.0,0.0,0.9688988327980042
G:\내 드라이브\side_project\sample\bicycle\open_image\bike_pinterest_2.jpeg,c41900b7b110d4bf787f16d71508fc7f68de92e87e5b04de4ccaf53c4350a3d2,other,other,True,other,True,0.0,0.011715348809957504,0.9609976410865784
G:\내 드라이브\side_project\sample\bicycle\open_image\bike_pinterest_3.jpeg,3cd01763946d07585c907a702236489d4088a9d999fe475202800160a08cddbd,other,other,True,other,True,0.0,0.02799190767109394,0.9394679665565491
G:\내 드라이브\side_project\sample\bicycle\open_image\bike_pinterest_4.jpeg,133b864b04ddec806e4054a45bd9967af0dc1d89ca2d4a655b4643c56b9041e4,other,other,True,other,True,0.0,0.0,0.9519452452659607
G:\내 드라이브\side_project\sample\bicycle\open_image\bike_pinterest_5.jpeg,74608086424398122c12a534ee3b7c0c42fe0db4196f3e79b003f635c6186f69,other,other,True,other,True,0.0,0.0,0.9068431258201599
G:\내 드라이브\side_project\sample\bicycle\open_image\bike_pinterest_6.jpeg,17980691517d92534fe8e48e866dd7e542ce5a30645dd47213871e228f42008b,other,other,True,other,True,0.0,0.0,0.933984100818634
G:\내 드라이브\side_project\sample\bicycle\open_image\bike_pinterest_7.jpeg,1b41588a5cb4e983b73873f9833ad76609d9e955d1257d14f5b3e6eaf8f358f7,other,other,True,other,True,0.0,0.011227412149310112,0.9554535746574402
G:\내 드라이브\side_project\sample\book\open_image\book1.jpeg,6857c3d544c7b316dee3c4413695a207f47fc03a7d4175c712d6a0b49e269539,book,book,True,book;other,True,0.0509650893509388,0.9453873038291931,0.5796865820884705
G:\내 드라이브\side_project\sample\book\open_image\book10.jpeg,89c617f13327e6e14eda6cb015898e4e09d75428972b36e02c6ed428300cf345,book,book,True,book;other,True,0.0266514103859663,0.9709008932113647,0.9383034110069275
G:\내 드라이브\side_project\sample\book\open_image\book11.jpeg,3d0db342e65421bfea0a6c0c3e1a6203b1c1289bc9b76b65a590fe53b83dc074,book,book,True,book;other,True,0.6455429196357727,0.9636763334274292,0.9381459355354309
G:\내 드라이브\side_project\sample\book\open_image\book12.jpeg,313c744773ab570827ae133ccfbc09fcef20531141490c65aff62e65c003a324,book,book,True,book;other,True,0.02801656909286976,0.9586520195007324,0.9232316017150879
G:\내 드라이브\side_project\sample\book\open_image\book13.jpeg,c1654ed0df9f3a7f7a74487eb849694dfcd7e6ee1bfda1550d1edbd4425f2bde,book,book,True,book,True,0.02574816346168518,0.987272322177887,0.037445880472660065
G:\내 드라이브\side_project\sample\book\open_image\book14.jpeg,c735e9a8b4f44c8b9dd0bd80bd2537d90a65b17b168c1ae49d610a1fca2441f7,book,book,True,book;other,True,0.02333975024521351,0.9787651896476746,0.11252674460411072
G:\내 드라이브\side_project\sample\book\open_image\book15.jpeg,5096f861a85a94a80e09d2195e9b1c1faa58cfb018981d013c8c17ab0d04e96f,book,book,True,book;other,True,0.03677614405751228,0.9829256534576416,0.967651903629303
G:\내 드라이브\side_project\sample\book\open_image\book16.jpeg,88f24c001759beca4e8ef4041128d6ed09a964e7034592dc30e4f23ef982ce72,book,other,False,other;book,True,0.0,0.9234285950660706,0.9416275024414062
G:\내 드라이브\side_project\sample\book\open_image\book17.jpeg,8e3dd012e6601fbbdf465131eb1abfaa012445bb44b37bd422da2369388db52f,book,book,True,book;other,True,0.04368828237056732,0.9572942852973938,0.9170587658882141
G:\내 드라이브\side_project\sample\book\open_image\book18.jpeg,7019a8aec330b9473ca6378b3011d624fef2deefb7956dbf57599029799ba652,book,book,True,book;other,True,0.03485336899757385,0.756145179271698,0.6781232357025146
G:\내 드라이브\side_project\sample\book\open_image\book19.jpeg,81b17c53443c5c37b3807ecfbc8dc992bdb2a45272314c46964b3c5840083dd2,book,book,True,book;other,True,0.0,0.9701017141342163,0.6149135828018188
G:\내 드라이브\side_project\sample\book\open_image\book2.jpeg,51ba9e70630b287ec288cf67c940dda2897f608499e5b75a1ea0d80109a8646a,book,other,False,other;book,True,0.05729871615767479,0.9079895615577698,0.9686947464942932
G:\내 드라이브\side_project\sample\book\open_image\book20.jpeg,cfb435eef867216e48ac9f48c33b1c431c2cd8556d85c853e5bb29cd469808aa,book,other,False,other;book,True,0.0,0.9677073359489441,0.9714546203613281
G:\내 드라이브\side_project\sample\book\open_image\book21.jpeg,fbab81106235cd716b6ddb9af1bf4a4e34c35a1237380cb9e184342297f34d2f,book,book,True,book;other,True,0.03937456011772156,0.9789636135101318,0.9610713124275208
G:\내 드라이브\side_project\sample\book\open_image\book22.jpeg,76baaee5cff1237c3e057086d81a57d07b2f4580bdb5139a7ef2539c291aeec6,book,book,True,book;other,True,0.0,0.8276541829109192,0.17020532488822937
G:\내 드라이브\side_project\sample\book\open_image\book23.jpeg,43d3f4924e3065fe5f78b9d88402bc17e8acc5026c865a1d3c8a4a12b5ea528b,book,book,True,book;other,True,0.01898392289876938,0.9846463799476624,0.9654027819633484
G:\내 드라이브\side_project\sample\book\open_image\book24.jpeg,2ec8d625cdbe6768c72aadfdd224a1d71895e4ad7d36aba49009a81a7ac5955d,book,book,True,book;other,True,0.0,0.8715288639068604,0.4619385898113251
G:\내 드라이브\side_project\sample\book\open_image\book25.jpeg,2f4148b836b397ec379b401030be11daa13ebb0f909e08712d4406e2eefc37a7,book,book,True,book;other,True,0.043758928775787354,0.9012022614479065,0.34516391158103943
G:\내 드라이브\side_project\sample\book\open_image\book26.jpeg,65e4cb0da863b0485cc43ce69eca5cc6e6c46bfc0c81cd3a8960c30de149a8c8,book,book,True,book;other,True,0.0,0.9582498073577881,0.8848256468772888
G:\내 드라이브\side_project\sample\book\open_image\book27.jpeg,3ec73f3de03ca6df528ee063535ee75fe594a88eb7598258075a19db0f3221ff,book,book,True,book;other,True,0.0,0.9751665592193604,0.4015543758869171
G:\내 드라이브\side_project\sample\book\open_image\book28.jpeg,d606c6a7e4e0b8b0af2dc802f891456c6ffcd0a54023df381148ea404ddc5fee,book,book,True,book;other,True,0.10534793138504028,0.9409226775169373,0.871658444404602
G:\내 드라이브\side_project\sample\book\open_image\book29.jpeg,1384dc295efe83f941a80cd536f9a82f53bee6ce3fa54e473d43c74eb6942e73,book,book,True,book;other,True,0.04857613518834114,0.9656825065612793,0.6469172835350037
G:\내 드라이브\side_project\sample\book\open_image\book3.jpeg,2e67d6eed38cc23ebabd03a0a8fb46804074337228c8f45bf82553c591c1ac88,book,book,True,book;other,True,0.0,0.672301709651947,0.1208627000451088
G:\내 드라이브\side_project\sample\book\open_image\book30.jpeg,d0b37445bb2386083fb8cf3b85e82167147335cf932567090bc33efbb78d4f38,book,book,True,book;other,True,0.032932691276073456,0.9799066185951233,0.9547556042671204
G:\내 드라이브\side_project\sample\book\open_image\book31.jpeg,54c7f6c13d704b41dfd105398c07091de75e7cdfa3263c14b2ce6d0d0ef72a28,book,book,True,book;other,True,0.03262615203857422,0.9846285581588745,0.9471249580383301
G:\내 드라이브\side_project\sample\book\open_image\book32.jpeg,3c7ae814618ace76fae33a59337fbe84d9cefefc54b5e23f6d3d91981607aae3,book,book,True,book;other,True,0.0,0.9834764003753662,0.8750448822975159
G:\내 드라이브\side_project\sample\book\open_image\book33.jpeg,d5e13e00dac7557497c381ecaba7046b4179c689ab984d5b03f420136f8f926b,book,book,True,book;other,True,0.04606449604034424,0.8459824323654175,0.11872802674770355
G:\내 드라이브\side_project\sample\book\open_image\book34.jpeg,82535ec96d6f5292d5f0fbb9daa16c4b4b55cf5be4eaabebef8ddb854ba237ed,book,book,True,book;other,True,0.02606019377708435,0.9735695123672485,0.35004618763923645
G:\내 드라이브\side_project\sample\book\open_image\book35.jpeg,0a2ebefb59daf21ccc2eb8cd85d44ff964d0058034b4724966111446d51ef7c1,book,book,True,book;other,True,0.05824027210474014,0.9536258578300476,0.9509207010269165
G:\내 드라이브\side_project\sample\book\open_image\book36.jpeg,bb302f9e4b7727e142025c3a821886e3bf0db04c5a88ffa078d133df63c80077,book,book,True,book;other,True,0.033888690173625946,0.985149621963501,0.9768838286399841
G:\내 드라이브\side_project\sample\book\open_image\book37.jpeg,687c3cafee08457f6037ae8fc6892d985ce08111e82c2a60abbaf11ff4a92c16,book,book,True,book;other,True,0.02684951387345791,0.9876977801322937,0.9151199460029602
G:\내 드라이브\side_project\sample\book\open_image\book38.jpeg,63c4eea32b9d43fb3dabe2eec6402d924f37c2ae727a88ad96c091ad2f5a35dc,book,book,True,book;other,True,0.03866971284151077,0.8555424809455872,0.16543512046337128
G:\내 드라이브\side_project\sample\book\open_image\book39.jpeg,0cd98b3d6fa0d0c509f5ff0e9a797819ea1e6ee0a0678e065e11a4e74b0e4b64,book,book,True,book;other,True,0.026630621403455734,0.9710608124732971,0.5017170310020447
G:\내 드라이브\side_project\sample\book\open_image\book4.jpeg,fdff4022600237feb001d95ba558a27abafbb55bacf146cf9c530fa6a9604ca9,book,book,True,book;other,True,0.025460662320256233,0.9743300080299377,0.057034917175769806
G:\내 드라이브\side_project\sample\book\open_image\book40.jpeg,bb6b1f8865d646109f42e59165355d138134e32ca625449273feaf928fea0391,book,book,True,book;other,True,0.04699159041047096,0.9813950657844543,0.3183140456676483
G:\내 드라이브\side_project\sample\book\open_image\book41.jpeg,5497c1aa2522ed383764e2cda858eeb72161ad73e51a4f4133f796115936bb2c,book,book,True,book;other,True,0.08433026820421219,0.9793297052383423,0.7810385823249817
G:\내 드라이브\side_project\sample\book\open_image\book42.jpeg,4e38f7509e29d28bc207e1989be8c26db0f569ee6e1836cb64d2ac22813e678c,book,other,False,other;book,True,0.02689056657254696,0.9770912528038025,0.9806531667709351
G:\내 드라이브\side_project\sample\book\open_image\book43.jpeg,a7ff27cdd99c9309b1842e0b8d764dc771fa1e22e8b4ec9d1d1d53fd543c637a,book,book,True,book;other,True,0.05964033678174019,0.9717736840248108,0.5161469578742981
G:\내 드라이브\side_project\sample\book\open_image\book44.jpeg,85e37978d21be5da2b70c6a46c43a2c309b7681f5a5ff054270d6533afe8bbb1,book,book,True,book;other,True,0.04994034394621849,0.9729831218719482,0.968192994594574
G:\내 드라이브\side_project\sample\book\open_image\book45.jpeg,9041af1a1a2da0cb0136a901cde4a7969b443e25f6f4d47ca7c0dc975ec54b7d,book,book,True,book;other,True,0.04254193231463432,0.9777153730392456,0.9478433728218079
G:\내 드라이브\side_project\sample\book\open_image\book46.jpeg,fd6a8d8f0b9000e4cf59e9f8e7a02b6ddfffdc35bea25067cce07633ffb54928,book,book,True,book;other,True,0.0274637620896101,0.9451769590377808,0.9050797820091248
G:\내 드라이브\side_project\sample\book\open_image\book47.jpeg,0fae613dede5b38487f2e0ba8a9b0659eafa9dca0d4686c740d920d49a4b5598,book,book,True,book;other,True,0.04524487257003784,0.9517070055007935,0.9401600360870361
G:\내 드라이브\side_project\sample\book\open_image\book48.jpeg,3a4fc3d44fa704abd4c0425425dd9cd0bd0929893acfbeb5995e9c312a4d5c44,book,book,True,book;other,True,0.03862963616847992,0.9682013392448425,0.8934517502784729
G:\내 드라이브\side_project\sample\book\open_image\book49.jpeg,3185a13d54d103832775e6a613f0a167079746160f1e7c6e9f4cc80efb6c3e17,book,book,True,book;other,True,0.027189070358872414,0.9791185259819031,0.3647313117980957
G:\내 드라이브\side_project\sample\book\open_image\book5.jpeg,61151dae49a28d0e16ea9deeb2afab61f4427eac74727a72a61c99dc29d3c7fc,book,book,True,book;other,True,0.0,0.8597341179847717,0.3400673270225525
G:\내 드라이브\side_project\sample\book\open_image\book50.jpeg,ced2a5de015433ce59c5b59ac9da606308d5a9df7627a8ffe88fd2ef4fa06ad5,book,book,True,book;other,True,0.0,0.9317747950553894,0.3535556197166443
G:\내 드라이브\side_project\sample\book\open_image\book51.jpeg,019787920e638f1e2bd8c3e4fd6018708119da6fecb7190fd95cbbd8d9333578,book,book,True,book;other,True,0.06295004487037659,0.8887876272201538,0.19117207825183868
G:\내 드라이브\side_project\sample\book\open_image\book52.jpeg,fc750a0c0badfa31a7b2da70578c9137af9c616eefd63bd37aa86f617dfd5706,book,book,True,book;other,True,0.02667962945997715,0.9839905500411987,0.2893405556678772
G:\내 드라이브\side_project\sample\book\open_image\book53.jpeg,c3cf82d3cb64811dde7213098f2d2df4a2cdaa184a5cb0e8899ec7359b0cc177,book,book,True,book;other,True,0.06102113798260689,0.983737051486969,0.2576562762260437
G:\내 드라이브\side_project\sample\book\open_image\book7.jpeg,f2e70a0e796ee0eeb60865453eddaf437f83057417a811998fd0515ffe154008,book,book,True,book;other,True,0.04619113355875015,0.9774503707885742,0.9501216411590576
G:\내 드라이브\side_project\sample\book\open_image\book8.jpeg,7da5bde7d42f4753dae7d30ea10d7a0adea38a880c5cd66e517080ae5c9b74bb,book,book,True,book;other,True,0.0,0.981449544429779,0.8102127313613892
G:\내 드라이브\side_project\sample\book\open_image\book9.jpeg,d3de9c924fff7ac8b38d11d734d5334ea96572726bf168f4b37b0206c07f9667,book,book,True,book;other,True,0.17043143510818481,0.9792588949203491,0.5383760929107666
G:\내 드라이브\side_project\sample\book\open_image\book_0009_a4afbc7697bdf23c.jpg,a01f2bd1befa20868f4e45f6b1c9be0a58728673852c4af45e1e2932bebad82a,book,book,True,book;other,True,0.0,0.6883416771888733,0.3073616027832031
G:\내 드라이브\side_project\sample\book\open_image\book_0010_ba965d3fd74e1e61.jpg,5afdd766162f3e32ff96cc14dc74423f6633fbe5d8103af3f8099aac161767b7,book,book,True,book;other,True,0.030309420078992844,0.9816338419914246,0.49743300676345825
G:\내 드라이브\side_project\sample\book\open_image\book_0011_55d391da105421e9.jpg,6be65fef9f083d5040e2c6a84f330feef2d33c124d0ab76444c29cb5c902f9b8,book,book,True,book;other,True,0.0,0.9736941456794739,0.8467600345611572
G:\내 드라이브\side_project\sample\book\open_image\book_0013_c80e081e169fd977.jpg,c13a3082ccfdccfaf2bdd01938ece3e66380f821fd2168e25c29804fcbe59bad,book,book,True,book;other,True,0.0,0.9785879850387573,0.2100471556186676
G:\내 드라이브\side_project\sample\book\open_image\book_0014_4b523b5b89444fcf.jpg,19e9ee7c01ee9d432b77d216eb2e5ba5860d98c9141c13d277b9bd3bc77eb20d,book,book,True,book;other,True,0.0,0.9620576500892639,0.9137212634086609
G:\내 드라이브\side_project\sample\book\open_image\book_0015_1cd9ac0169ec7df0.jpg,ec398aa0d7748b704f13a3c27e8ec2a4f31d906c8bf2027bcc136495c0443e9a,book,other,False,other;book,True,0.06253554672002792,0.21236255764961243,0.30483031272888184
G:\내 드라이브\side_project\sample\book\open_image\book_0016_dacff59f9391a87b.jpg,b9d3b509fe57fea6c3a0aff31fca5b7ffb37a518a20b7a28d85b3a668792768b,book,book,True,book;other,True,0.0,0.5260895490646362,0.3267422914505005
G:\내 드라이브\side_project\sample\book\open_image\book_0018_3edf7490a8c07e59.jpg,5bd60b1204e56c0fd286dbe71d4f65777a1b9356e38396938ca96db390d10d74,book,book,True,book;other,True,0.06378842145204544,0.556869626045227,0.30979490280151367
G:\내 드라이브\side_project\sample\book\open_image\book_0019_78dc9ea17e259573.jpg,8fd2f6e7bab6c181030a939a55c378768b22935859edb10adb09e0a61ae9623a,book,book,True,book;other,True,0.029807886108756065,0.7931387424468994,0.17593513429164886
G:\내 드라이브\side_project\sample\book\open_image\book_0020_ac1d9f4001b2bb0e.jpg,67b2d40d49457b70cf3ae9ae6486c61dc13372451374c4e383f9a542429c9472,book,other,False,other;book,True,0.0,0.8802163600921631,0.957922637462616
G:\내 드라이브\side_project\sample\book\open_image\book_0021_db124081108638ea.jpg,d3fa8be57617f296a076e531ca7840163a477f5b12d4d3bd2b6c3a8d6a1e616b,book,other,False,other;book,True,0.02728412114083767,0.8993646502494812,0.9292160868644714
G:\내 드라이브\side_project\sample\book\open_image\book_pinterest_1.jpeg,f3249b46212289b738542a79ae2a401352349496dfd7154022c2b66121a631dc,book,book,True,book;other,True,0.03362777456641197,0.8332162499427795,0.28591668605804443
G:\내 드라이브\side_project\sample\book\open_image\book_pinterest_2.jpeg,c7c0a1ae8d450b659b1e14b6cbd63bd3e48a4d2c2fedc986917a5043c71e614c,book,book,True,book;other,True,0.026098866015672684,0.971473753452301,0.0882614329457283
G:\내 드라이브\side_project\sample\book\open_image\book_pinterest_3.jpeg,8f5251249d6cd3dc2a90a2cc6c9d4b75aa9de5b9889de14cbe5c7a9079b1d55e,book,book,True,book,True,0.04156195744872093,0.9807296395301819,0.04579987749457359
G:\내 드라이브\side_project\sample\book\open_image\book_pinterest_4.jpeg,fad5f2e0289f6b52ce5f74df36d00ff0ef0cdae8d912434bd68d7c9a6cf2ae5b,book,book,True,book;other,True,0.024754993617534637,0.9806230068206787,0.9662927985191345
G:\내 드라이브\side_project\sample\book\open_image\book_pinterest_5.jpeg,3f95fcf596928d3f9602fb08e72bfd868b2ed31a9dd59f063704139b6459de2d,book,book,True,book;other,True,0.0,0.9771430492401123,0.9615656137466431
G:\내 드라이브\side_project\sample\book\open_image\book_pinterest_6.jpeg,c192fa6bc2697e061adada056154241c4697ff6bb6e85a883156b09f28ac32fb,book,book,True,book;other,True,0.0,0.955693781375885,0.7896515130996704
G:\내 드라이브\side_project\sample\book\open_image\book_pinterest_7.jpeg,ed5b84d98a6bce93f2c8d2767b4d8c0bae96fa8d5bb89d403f9735d21d1bd77f,book,book,True,book;other,True,0.019578158855438232,0.9676904082298279,0.1111123114824295
G:\내 드라이브\side_project\sample\book\open_image\book_pinterest_8.jpeg,900921e8f02307770870957326521701e67310acfdb8b3125b457445e49862e6,book,book,True,book;other,True,0.03660783916711807,0.9824880957603455,0.9696518182754517
G:\내 드라이브\side_project\sample\guitar\open_image\guitar_0003_0fe6ff19ef840721.jpg,e75d60c4182277f9eae2c34ebc474129f65213d65e3152eaa37675aa1118bc26,other,other,True,other;book,True,0.02961733005940914,0.07091681659221649,0.5071947574615479
G:\내 드라이브\side_project\sample\guitar\open_image\guitar_0005_fbce19c2567a7240.jpg,ca5f49b33086f2437ad1ea67bc6625dcd99342542948dde26b54055e07930833,other,other,True,other,True,0.0,0.0,0.5370169878005981
G:\내 드라이브\side_project\sample\guitar\open_image\guitar_0006_83c3960da869d8c8.jpg,714b7ec89982ef619245534d917045078feeaaa0be6c44e25e2efba9b8fef2fa,other,other,True,other,True,0.0,0.027029993012547493,0.1719009131193161
G:\내 드라이브\side_project\sample\guitar\open_image\guitar_0011_4e41f20dc0f29561.jpg,0f3cb5837041f07f133c98cc6f5451e28cb40236e00f2e19a0ddfddb38099ea4,other,other,True,other,True,0.0,0.0,0.1168135330080986
G:\내 드라이브\side_project\sample\guitar\open_image\guitar_0013_83f1383e6b3dd1b3.jpg,4887d639a109af1499a22265e910cdfab4ad4b2cf04f07201423b27321a91f05,other,other,True,other;computer,True,0.061759818345308304,0.027067318558692932,0.9498283863067627
G:\내 드라이브\side_project\sample\guitar\open_image\guitar_0016_05aaa74d02f762d1.jpg,8648a46fc2544fae4b8e054637a2611aea4c4aa1eeeb0e2507c51e213e6c11c9,other,other,True,other,True,0.0,0.0,0.05327673256397247
G:\내 드라이브\side_project\sample\guitar\open_image\guitar_0017_fc89180adc5c7317.jpg,2d9dd2df28ca19685d114201ff9e50b7facafa1780699b5974871084912e6b58,other,other,True,other,True,0.022305915132164955,0.01594628393650055,0.08364676684141159
G:\내 드라이브\side_project\sample\guitar\open_image\guitar_0018_96d3add1442d8cd1.jpg,4162398aa00b537e49e494bd6138e3075b7bbf9e264b6bd604c2e6f81963549c,other,other,True,other;book,True,0.0,0.06539778411388397,0.9272431135177612
G:\내 드라이브\side_project\sample\guitar\open_image\guitar_0019_b2e3d40273f8da5b.jpg,25416bd646f53424e78a6c86f29a4c97ecae04a7f88c8bfe244b303a7b5ddade,other,other,True,other,True,0.025605924427509308,0.04854463413357735,0.38581371307373047
G:\내 드라이브\side_project\sample\guitar\open_image\guitar_0020_3070bed07f1a7adc.jpg,9915d92b74e6b508925b00d0b7c5caf3400ca48944d6ec4552b4c7ce35954c81,other,other,True,other,True,0.0,0.016103478148579597,0.04176187515258789
G:\내 드라이브\side_project\sample\guitar\open_image\guitar_0021_917be97d4553b0b9.jpg,803ff79227f790ac76e23e286d0b7fcc60583b07d3c0a1eefc92d1051ff94889,other,other,True,other,True,0.012262753210961819,0.024226471781730652,0.0778016746044159
G:\내 드라이브\side_project\sample\guitar\open_image\guitar_0022_9096234981cd480a.jpg,aa4e1a06c787966b0a3d1c1f5a9b8c97139930826784465098304a39f4c0555d,other,other,True,other,True,0.0156999584287405,0.020512090995907784,0.1129223108291626
G:\내 드라이브\side_project\sample\guitar\open_image\guitar_0023_c789860e81b0f2f9.jpg,2382f36c6627982e16ec2704344ff11c4a66a5fae0feb36ed532ed6dc015773b,other,other,True,other,True,0.013491082936525345,0.04230685159564018,0.1352236419916153
G:\내 드라이브\side_project\sample\guitar\open_image\guitar_0025_c431603fbfc7540d.jpg,ac63f50f1f5cc8c6ea5c8e857306b0ef7cf89fa314cbfc11284ccc2b7f0490ea,other,other,True,other,True,0.025249172002077103,0.03203325346112251,0.9688394069671631
G:\내 드라이브\side_project\sample\guitar\open_image\guitar_0027_1ec33b9fea3903fe.jpg,46317954d2bd91988525a8ef3f10b39ecb19af49c7698df0288dabeacc968f1a,other,other,True,other,True,0.026920204982161522,0.019376473501324654,0.06265048682689667
G:\내 드라이브\side_project\sample\guitar\open_image\guitar_0028_8197c9fa80c0eb28.jpg,4e12cbf0b51f89ce381f54eff71af7ab207cdb4b08330b6629e7f3b6a9101bb5,other,other,True,other,True,0.02200545370578766,0.0,0.9665018916130066
G:\내 드라이브\side_project\sample\guitar\open_image\guitar_0029_0dc95bb47db93514.jpg,0d842ea2855c1f3fa825b6e3c08c795987fe5c9d6ed638141ac862a3b1c05bfd,other,other,True,other,True,0.01984257996082306,0.024396449327468872,0.15179236233234406
G:\내 드라이브\side_project\sample\guitar\open_image\guitar_0031_1968c9cbabd1ebbd.jpg,8cf353092ca1d6baaf635dcfcce35f69944c5fb834da67363feaa64531de5bae,other,other,True,other;computer,True,0.0767589882016182,0.026086682453751564,0.9570339918136597
G:\내 드라이브\side_project\sample\guitar\open_image\guitar_0032_9ab27a227737b1f3.jpg,f7d447a805e4a7183dfb6cf044f66b7ebb4a7f2a675d60e6775cd5715bf1e0f0,other,other,True,other,True,0.04693562537431717,0.01960884965956211,0.9673025012016296
G:\내 드라이브\side_project\sample\guitar\open_image\guitar_0034_86fa28d162ee13dc.jpg,8ff6d3a1a41d43566579fdd90ec9c75ae5ea04525ec4439ea2871285e8c4368f,other,other,True,other,True,0.0,0.010872857645154,0.9749422669410706
G:\내 드라이브\side_project\sample\guitar\open_image\guitar_0036_8a2a44b291ef8582.jpg,106e5a5d03eafa24844805f1f075ef22a7c968f2c12c0db6f0bc7c88dbce8144,other,other,True,other,True,0.0,0.0,0.049789801239967346
G:\내 드라이브\side_project\sample\guitar\open_image\guitar_0037_49800eddc141cf27.jpg,2024ded16c73c462b8a061b988463cec9cd0999fe12805ba2af22a0117849975,other,other,True,other,True,0.02364702709019184,0.018043123185634613,0.954470694065094
G:\내 드라이브\side_project\sample\guitar\open_image\guitar_0038_0eedb1a0d3b8ddae.jpg,7ff74ec3ac3364fce9f4937cf4e97492141fd0eec01c646bc8ac2f72e7c311f0,other,other,True,other,True,0.032260503619909286,0.01769694872200489,0.1656711846590042
G:\내 드라이브\side_project\sample\guitar\open_image\guitar_0039_aa635959507530eb.jpg,1b8e65da762a9a3f5eebbea82894c23bf86f2300e19a6a82f3c0e68fe06e96fb,other,other,True,other,True,0.02797248773276806,0.0,0.9336672425270081
G:\내 드라이브\side_project\sample\guitar\open_image\guitar_0040_2adab7f7f79ae40a.jpg,870b61effe2696e2d25647463426103c0bb0e52b366f3711bc9fdb762fdfb70e,other,other,True,other;book,True,0.03392587974667549,0.059879451990127563,0.8497293591499329
G:\내 드라이브\side_project\sample\guitar\open_image\guitar_0041_602bd54889b3158b.jpg,2e6abaea8fdeaa1c4109cca1aa564e7e17e2154f4324e5d05819aab2b6aaeea7,other,other,True,other,True,0.026241149753332138,0.012842167168855667,0.2584020793437958
G:\내 드라이브\side_project\sample\guitar\open_image\guitar_0042_90a14423f7bf72df.jpg,43939f21503c49ae8638c83d67514fc70631c6a9220b68d7b7b8f7f9e05e68df,other,other,True,other,True,0.0,0.0,0.44329631328582764
G:\내 드라이브\side_project\sample\guitar\open_image\guitar_0043_fe8cdb360c57fde1.jpg,2a0b6c5b5c32d29ce547b25a9b954bca28bdf067d6d928658b02bf7ed0bf35ab,other,other,True,other,True,0.0,0.019664717838168144,0.9775292873382568
G:\내 드라이브\side_project\sample\guitar\open_image\guitar_0044_1ea846336daf0cdb.jpg,30f91c32fdeeb7e74756b3cb4f83b57485f661cd09757a5123cac9e504932bfd,other,other,True,other,True,0.013629665598273277,0.042872510850429535,0.12012054771184921
G:\내 드라이브\side_project\sample\guitar\open_image\guitar_0045_eee4de386df902e5.jpg,c3ea8089bb555eee0885e37914f8ed66fe1d8fd7571f024ff1e8c95f05a9f7be,other,other,True,other,True,0.0,0.0,0.08484360575675964
G:\내 드라이브\side_project\sample\guitar\open_image\guitar_0046_29de4e35add89b69.jpg,a021689c34e839adcbcd7590392268796a7047aad9da4beccf832293d95f90c5,other,other,True,other,True,0.024745894595980644,0.0,0.6912788152694702
G:\내 드라이브\side_project\sample\guitar\open_image\guitar_0047_68ec2ebb0e40a52d.jpg,f5ff74104ecabc3c4dd30ecb111d20d6467d056cbdd43a19c10baf3570aab813,other,other,True,other,True,0.0336739756166935,0.0,0.9777202606201172
G:\내 드라이브\side_project\sample\guitar\open_image\guitar_0049_96a57b898b468c6c.jpg,90ae0438ec3de31d79522bc86652c18425c9d6086f31b0ba6e162500de0a1501,other,other,True,other,True,0.012818070128560066,0.0,0.06602174788713455
G:\내 드라이브\side_project\sample\guitar\open_image\guitar_0050_811bef6233f25e4b.jpg,56dd30f69f65ad5133a1889b3bc1cbfda341a48cf1ecb36a14246b8cb4ff7503,other,other,True,other,True,0.0,0.03693550080060959,0.938849925994873
G:\내 드라이브\side_project\sample\guitar\open_image\guitar_pinterest_1.jpeg,30b1ae02d0314949f92d7af6128e47cf8b679a4d6d022db8b90e4e6967ba4517,other,other,True,other,True,0.0,0.029845645651221275,0.3435990512371063
G:\내 드라이브\side_project\sample\guitar\open_image\guitar_pinterest_2.jpeg,7f2d34d55dbd08dc0526e0239449618ac7e54befbe2d69c3b600f8022362cbb1,other,other,True,other,True,0.0,0.04372984915971756,0.8844671845436096
G:\내 드라이브\side_project\sample\guitar\open_image\guitar_pinterest_3.jpeg,8061ceedee6ae0697e723d694c8a5741cffc753c999f3ba76f6da9498102414d,other,other,True,other;book,True,0.045967526733875275,0.11279503256082535,0.953728973865509
G:\내 드라이브\side_project\sample\guitar\open_image\guitar_pinterest_4.jpeg,80bf83c6c326f4e8d94ae8072c931dd77baafd8bbe2d7228de4a050d02028d8c,other,book,False,book;computer,False,0.06652729213237762,0.5968508720397949,0.057287752628326416
G:\내 드라이브\side_project\sample\guitar\open_image\guitar_pinterest_5.jpeg,5e6a72ffea3772dfc8ac84a37128ae8ee2a34d2479bbbdc8f1bcc3c5a0ded858,other,other,True,other,True,0.025830227881669998,0.04588381573557854,0.28514403104782104
G:\내 드라이브\side_project\sample\guitar\open_image\guitar_pinterest_6.jpeg,921517b62ee8d0ad46ba0b04d076139e019e5d96b1e9f603c783734290c3364c,other,other,True,other,True,0.02159534953534603,0.024842005223035812,0.9431718587875366
G:\내 드라이브\side_project\sample\guitar\open_image\guitar_pinterest_7.jpeg,9ed1c15e62099d4678e45455f816764ab36dceb00be356df9f35f2b1758604e0,other,other,True,other,True,0.0,0.04115133732557297,0.9533833861351013
G:\내 드라이브\side_project\sample\guitar\open_image\guitar_pinterest_8.jpeg,fc96880e45430fad04391f99c54548fd036a66cb8e5c5e11146e30540e8388fe,other,other,True,other,True,0.0,0.0,0.7406899929046631
G:\내 드라이브\side_project\sample\laptop\public\-1-_jpg.rf.2982755d3b8d0446157fb78e6ca44317.jpg,c78dd8314ebd4c52c06ce0298024b5700078cffb624fafd0d3cd0458703d3c5c,computer,computer,True,computer;other,True,0.9213413000106812,0.0715903788805008,0.7100400924682617
G:\내 드라이브\side_project\sample\laptop\public\-1-_jpg.rf.ae733b9b95ec627a2e232921221be063.jpg,27687ec476f93a601d3823d7f24b120ddae16b11de0f119c90979942c462410e,computer,computer,True,computer;other,True,0.9718215465545654,0.16218861937522888,0.7084933519363403
G:\내 드라이브\side_project\sample\laptop\public\-10-_jpg.rf.b74b96dc06b2cf6741a37c8098941e84.jpg,6d2e616b949ee535974f1d977c02da92e7979941cfb1d00d6d44a36b415d7ec6,computer,computer,True,computer;other,True,0.9725192785263062,0.04039198160171509,0.25451043248176575
G:\내 드라이브\side_project\sample\laptop\public\-100-_jpg.rf.15aa6deb97e9e1a62638542d3bd8c1ac.jpg,21cc26f349ea89ed2332b5ab83d54823955b9adc17d5bd027b438583bdf24907,computer,computer,True,computer;other,True,0.9578064680099487,0.10813293606042862,0.6611036658287048
G:\내 드라이브\side_project\sample\laptop\public\-101-_jpg.rf.977c5360aecce698711b2744dba3abdb.jpg,30cfce443b312cbffb34c4fa78a7b25f3e1df8981ad93bcb7275f5830868f957,computer,computer,True,computer;other,True,0.977067232131958,0.048741333186626434,0.443562775850296
G:\내 드라이브\side_project\sample\laptop\public\-102-_jpg.rf.4f5402cb7359700f4e4728f24cadfc2b.jpg,5166f374fe6fb7657ba0d3154caa8710c888b00f10b7778fb26f1ca61367f7cd,computer,computer,True,computer;other,True,0.9750673770904541,0.034381333738565445,0.2463560253381729
G:\내 드라이브\side_project\sample\laptop\public\-103-_jpg.rf.1bd8cf670e567b539468127fb115e788.jpg,8417362f46233a75bea4b6f097bc7dbff4159ccfe11b2e0059f099bd29d56992,computer,computer,True,computer;other,True,0.8803161382675171,0.42991912364959717,0.5073274374008179
G:\내 드라이브\side_project\sample\laptop\public\-103-_jpg.rf.99a819a14e35e3f47a45c835f369f168.jpg,3c819fb3582b7a012c40fed3c060d41074999d4e39787c22a848784f16b1b429,computer,computer,True,computer;other,True,0.9719017148017883,0.45291754603385925,0.4716528356075287
G:\내 드라이브\side_project\sample\laptop\public\-104-_jpg.rf.4ad343161b210d2b5661100d3c5d8190.jpg,516194d314550b5660751d1299132f38bd9881011acbf9a5d18a1a7c5c617beb,computer,computer,True,computer;other,True,0.965892493724823,0.0,0.3868686556816101
G:\내 드라이브\side_project\sample\laptop\public\-105-_jpg.rf.0d600d348e31265bce97c68660d68a45.jpg,946290d9320bf3fd3274991526a7990b6525573db8d97cf13bd410a3e5ed4e41,computer,computer,True,computer;other,True,0.9518919587135315,0.13466478884220123,0.30972084403038025
G:\내 드라이브\side_project\sample\laptop\public\-106-_jpg.rf.bed97b68d69edb26531b2a7a8fdd98af.jpg,906fb456806a083aea32553e41b9a2d5761c2b5705b300ff96014bd4cc88e3fb,computer,computer,True,computer;other,True,0.6849271655082703,0.054214876145124435,0.5498884916305542
G:\내 드라이브\side_project\sample\laptop\public\-108-_jpg.rf.4f4bd7cf55a6ecf4747ab141fa641c14.jpg,e02d63683b3b0c70ac1f306c5f11416556f1bb15661b891b2577ee86b151fb8a,computer,computer,True,computer;other,True,0.9705408811569214,0.025750914588570595,0.17521122097969055
G:\내 드라이브\side_project\sample\laptop\public\-108-_jpg.rf.6ce609d8bbb6d42b209a16dea454175c.jpg,0910b533827e0e684e1cc5d2d7d197ed9fb90d6e1b501e53b51bebb2af8523f9,computer,computer,True,computer;other,True,0.5260004997253418,0.030675135552883148,0.4174492359161377
G:\내 드라이브\side_project\sample\laptop\public\-109-_jpg.rf.538962ca06b2fb52a629fd041eaaea92.jpg,ff1bcdff56c7b3218af22d76abb13f31f5ba26941d8125821b8870db29a0cc7a,computer,computer,True,computer;other,True,0.9774153828620911,0.034947630017995834,0.6382129788398743
G:\내 드라이브\side_project\sample\laptop\public\-109-_jpg.rf.9dbd64d6a05ebfe9dd15b11a4e6170d9.jpg,6c09c6f150e18177a9d2fd7b7bfde3b2f67dd90529c3ada4f36d932d46aa96c1,computer,computer,True,computer;other,True,0.9593303203582764,0.4046873152256012,0.57732093334198
G:\내 드라이브\side_project\sample\laptop\public\-110-_jpg.rf.89ec75dfccc35f8bd23b538ca29c752e.jpg,4c3ed75b14921796aa34af66e11dc9df3932d067c006381e5b9868f63d60d8ed,computer,computer,True,computer;other,True,0.5490058660507202,0.10737786442041397,0.22202739119529724
G:\내 드라이브\side_project\sample\laptop\public\-110-_jpg.rf.b6f4f6a4294909874393dea890699615.jpg,67c811c77f272a4a8f1e057f966b44177b3a606dfb452d238a5a478135ba4a64,computer,computer,True,computer;other,True,0.9637708067893982,0.08353467285633087,0.46741509437561035
G:\내 드라이브\side_project\sample\laptop\public\-111-_jpg.rf.34735265a83fbf6167429a044c2100f4.jpg,d19e6f9bcbc60f4e20845e18f01a392fc69d8da75135caf6f6ff428858f33db8,computer,computer,True,computer;other,True,0.9728822112083435,0.0,0.6354352831840515
G:\내 드라이브\side_project\sample\laptop\public\-111-_jpg.rf.43cfbf569fdb09128349b1c7384592e9.jpg,a53bc46ef6111065cec331ed417e42df44fa47afacfb9d56ae60ec1c626d340e,computer,computer,True,computer;other,True,0.9517539739608765,0.2211841344833374,0.33201929926872253
G:\내 드라이브\side_project\sample\laptop\public\-112-_jpg.rf.4c5fb4da8ae4f195a1b53f20d868c6df.jpg,7c25f300085cd3258696dfe0cd013f148e55387dcfd39f6d06b2ba6b476fff30,computer,computer,True,computer;other,True,0.8293086290359497,0.05969906598329544,0.22319753468036652
G:\내 드라이브\side_project\sample\laptop\public\-113-_jpg.rf.4f1021a997fc9e8981141c8b74d28f09.jpg,1be756885aef75d88e223ef6d2925fe22f0e7065fb6308e35938b435bd6c7ad9,computer,computer,True,computer;other,True,0.966060996055603,0.08193623274564743,0.38273102045059204
G:\내 드라이브\side_project\sample\laptop\public\-114-_jpg.rf.64e3c43590e30389cc60b5179fc828c7.jpg,a2c59da901a08e93ee52ab4dae5944724597e04e1682b3d9af81fb3bd4e14e9a,computer,computer,True,computer;other,True,0.9730498194694519,0.04282563552260399,0.3970917761325836
G:\내 드라이브\side_project\sample\laptop\public\-115-_jpg.rf.cda731d4be6ef6ce08ec52b4160d6d33.jpg,44d5a31cadf17ccc28037e7e68e106852c13210d9e8b5d38bfec1962d0e8e10b,computer,computer,True,computer;other,True,0.9704565405845642,0.04890778288245201,0.8723071217536926
G:\내 드라이브\side_project\sample\laptop\public\-116-_jpg.rf.07e93009489b8dd81e6fb26d65112924.jpg,a37afa9ae213d76ec340b08ac34f52c7b3758a8fa9ddb0bf089208446320f8c8,computer,other,False,other;computer,True,0.7206690311431885,0.33518141508102417,0.7315925359725952
G:\내 드라이브\side_project\sample\laptop\public\-116-_jpg.rf.f9bc7c1209396b154fa0933996cc7b1f.jpg,442b4f927a8552cfc4a3db1be49c2d6ad946616100eac7a5edb0c84841f54474,computer,computer,True,computer;book,True,0.9692069292068481,0.47984105348587036,0.26895245909690857
G:\내 드라이브\side_project\sample\laptop\public\-117-_jpg.rf.89737e1d12a97812528b4503f067a030.jpg,7c2ecffc86293fa9b633c60ec19e37ce491990118d80f4c922c04761fc33c4f0,computer,computer,True,computer;other,True,0.9600365161895752,0.15361949801445007,0.49636828899383545
G:\내 드라이브\side_project\sample\laptop\public\-117-_jpg.rf.bde3b86112acbb394577a8ccc64494d0.jpg,0be97a7668830ffff3f1c7b03851ce20a088096f241df8ce3818b9540d8ab77e,computer,computer,True,computer;other,True,0.6928233504295349,0.058523692190647125,0.28903231024742126
G:\내 드라이브\side_project\sample\laptop\public\-118-_jpg.rf.1ce54be422bc8ea2024d1f23bfadefa5.jpg,4383699a59ec062830df858996d4e40701f30daea00dad4d2aa371a146784160,computer,computer,True,computer;other,True,0.9646416902542114,0.1564251035451889,0.3687630891799927
G:\내 드라이브\side_project\sample\laptop\public\-118-_jpg.rf.776b8d567abd86b43b80a0b9705d5675.jpg,6f0c4f596392f9989a72a953d71ef2b5ee562845ad2a5362b71fbef7499b087c,computer,computer,True,computer;other,True,0.9681365489959717,0.1373451203107834,0.7822968363761902
G:\내 드라이브\side_project\sample\laptop\public\-119-_jpg.rf.7d288ada1dd763ac2a14140167c58d97.jpg,ee2754d9b100328b4f9674ca60a0eea6176332bae34c691ba8715ff9c600521d,computer,computer,True,computer;other,True,0.9673596024513245,0.11570142954587936,0.8306804299354553
G:\내 드라이브\side_project\sample\laptop\public\-12-_jpg.rf.563ac04859d821fc96af731c063f5535.jpg,3a47f0d99714e869b9be3ff67ae468703dd3545e41b0d56b39186f00ceda5c6b,computer,computer,True,computer;other,True,0.9490152597427368,0.043497417122125626,0.6838555932044983
G:\내 드라이브\side_project\sample\laptop\public\-12-_jpg.rf.8946f1f67ddde3079989538104ec7e0b.jpg,9c9c77528f9fe0e4858416fc0752c3c544debee2f8539012bfd8a83bd3d56fbe,computer,computer,True,computer;other,True,0.9693379402160645,0.035764873027801514,0.22779490053653717
G:\내 드라이브\side_project\sample\laptop\public\-120-_jpg.rf.276083c8cb9de0d95d02d018459aba91.jpg,4a0b24ee6058aaa1901a4ebefd9dec34f4ccbedfea2a9ddbcf363cf68dbf38d1,computer,computer,True,computer;other,True,0.9632971286773682,0.0,0.2261214703321457
G:\내 드라이브\side_project\sample\laptop\public\-121-_jpg.rf.0cdd397381cb7010cf8a157f22edde87.jpg,b87cc8116dc94952048ecc4b58fcd28916a9ba48788b4c83ad97f98bce469170,computer,other,False,other;computer,True,0.1472233533859253,0.057998642325401306,0.5895451903343201
G:\내 드라이브\side_project\sample\laptop\public\-121-_jpg.rf.340ccdd236fd14112bcd903a3fc28765.jpg,5fb1111e5e3c283313d0e762efe268e4360d41bbe2a5dfe53e0a266a13b27ffa,computer,computer,True,computer;other,True,0.9701684713363647,0.05965324491262436,0.11896777153015137
G:\내 드라이브\side_project\sample\laptop\public\-122-_jpg.rf.4b6b954e0e29560a38bc012be5f7440a.jpg,7e05e90dbf64581e1b69108dfc686abd03a5d1f23242c42cdad78642150d1f33,computer,other,False,other;book,False,0.04963308572769165,0.0791715607047081,0.4179675877094269
G:\내 드라이브\side_project\sample\laptop\public\-122-_jpg.rf.987ebd93a91887154380bbb783c47dbf.jpg,246455ebe938ee3f6b9f580c6d5ce88173366f003e1501eb3eebda4b92fb76cb,computer,computer,True,computer;book,True,0.682367205619812,0.15158367156982422,0.1389748603105545
G:\내 드라이브\side_project\sample\laptop\public\-123-_jpg.rf.04888dcf0b45660614927206a106bbac.jpg,35c913f4f80e471be18727bccc0d91951eb319bdfb88351453448a0bb73037f7,computer,other,False,other;computer,True,0.7292941212654114,0.21998871862888336,0.8238596320152283
G:\내 드라이브\side_project\sample\laptop\public\-123-_jpg.rf.7e280c1b248343beb03c5cbe6b1dbb8f.jpg,2101029eb6b370757b7000224c870a400553ea925e0700f6a67222506983dfb3,computer,computer,True,computer;book,True,0.8726091384887695,0.26202404499053955,0.21506118774414062
G:\내 드라이브\side_project\sample\laptop\public\-124-_jpg.rf.1b67006a368ce460ee34c26679843ed4.jpg,8efb23d6fb6e188d9970796b6e050e656f7842fd4c7c802db545dbac69dd8b2b,computer,computer,True,computer;other,True,0.9709988832473755,0.019192354753613472,0.3412769138813019
G:\내 드라이브\side_project\sample\laptop\public\-125-_jpg.rf.1726619f26d3844164a05101c660bdce.jpg,a7e68e8248ca8c19de7f0ae984c2a8434af01ec9b0e3bdd7149dd38e42334898,computer,computer,True,computer;other,True,0.9717047810554504,0.028705015778541565,0.37059614062309265
G:\내 드라이브\side_project\sample\laptop\public\-126-_jpg.rf.526fa020a3c7e60d231b3a67ec3d2b91.jpg,0fa38b529646e65f01238de9f0b4954ccbfc1561983dc74942eb41cd213f60bb,computer,other,False,other;computer,True,0.4647332429885864,0.09914489090442657,0.8338088989257812
G:\내 드라이브\side_project\sample\laptop\public\-126-_jpg.rf.a7131dfc5722fb14b4392759a2ffb5d3.jpg,6d877e29fa0b5e7309e7e017cc1a7058c2085b5a37607d743b11026092902950,computer,computer,True,computer;other,True,0.7872540950775146,0.1168074980378151,0.15686948597431183
G:\내 드라이브\side_project\sample\laptop\public\-127-_jpg.rf.e8cdecfdfec3b2773dd7c817819e8191.jpg,02fd1fc382f1c6f36398518b738cf0d3c0f314eb8803f6bb7a65dba82eaa29be,computer,computer,True,computer;other,True,0.9706203937530518,0.04686335474252701,0.35903504490852356
G:\내 드라이브\side_project\sample\laptop\public\-129-_jpg.rf.0a60959f101e67e6de36f45ae93865cc.jpg,e90e31f34d2fce28377d59c52ae4bcf6044ffd2ff9711e49a8b659268b9d13aa,computer,computer,True,computer;other,True,0.9716766476631165,0.1143130511045456,0.2481718361377716
G:\내 드라이브\side_project\sample\laptop\public\-129-_jpg.rf.8a3409e710ae990a121be5f92999f07a.jpg,61dd825681d128d3c7b1e7b54ef9073165925c387b0945d8be660b2a95f5df35,computer,computer,True,computer;other,True,0.9250128865242004,0.056548647582530975,0.8842326402664185
G:\내 드라이브\side_project\sample\laptop\public\-13-_jpg.rf.3a8800e08c3b9506fd366206f1e33a9d.jpg,f29efc4a13770898ff31d1e5e89e70562aa86b50e64934f778b1a213d400a751,computer,computer,True,computer;other,True,0.937711775302887,0.07354946434497833,0.18353943526744843
G:\내 드라이브\side_project\sample\laptop\public\-130-_jpg.rf.0b33eeb46981066ecc60160bb5760e2a.jpg,f90681acc6301b0e6fa8cb238bf2a5a38a6cf58096f99726137f601a67c21d06,computer,computer,True,computer;book,True,0.8994255065917969,0.27354514598846436,0.16110755503177643
G:\내 드라이브\side_project\sample\laptop\public\-130-_jpg.rf.462c5b1d5e0cf77c88dcc1e789eb1dae.jpg,c52745782ddd48a797070588c3fd91fb920b4a4cf7f11e9c9951574e7b12c767,computer,computer,True,computer;book,True,0.9633073806762695,0.5239837169647217,0.3356040418148041
G:\내 드라이브\side_project\sample\laptop\public\-131-_jpg.rf.2c244470089060334dfe75127b496735.jpg,7a03ad4820ee9d8490bcaab54bdede145a3f5fd7ac6154b723a45509b412b3c5,computer,computer,True,computer;other,True,0.9586871862411499,0.041012395173311234,0.38014039397239685
G:\내 드라이브\side_project\sample\laptop\public\-132-_jpg.rf.4a0e7e7d9712c8e2248bfb0759af2c59.jpg,6fde7418466b9a4fcd7f06d94b7919d51215416af33fadbc4e039fed30e34975,computer,computer,True,computer;other,True,0.6865390539169312,0.04890545457601547,0.11897940933704376
G:\내 드라이브\side_project\sample\laptop\public\-132-_jpg.rf.8b0df78be9b8856b1838ed6210429514.jpg,6cc18a12f4a413ff6ea9ca033746e79d3ab7ec7701159c44897035280fa2852f,computer,computer,True,computer;other,True,0.9633011817932129,0.06549347192049026,0.38864147663116455
G:\내 드라이브\side_project\sample\laptop\public\-133-_jpg.rf.201a18a131bf601e0b7b0f03ca4d28c7.jpg,ab8da02cc59addee63ba30504d763a0b12403cdba52f313e2e4b9da819068f2e,computer,computer,True,computer;other,True,0.9605111479759216,0.23161101341247559,0.4910743236541748
G:\내 드라이브\side_project\sample\laptop\public\-134-_jpg.rf.46019f7a9074625041d2da1accca09f2.jpg,543ed92f3e44ae3d8b150fba703d8b7e64357e6cf2ff0e5217cf474d166dee0a,computer,other,False,other;computer,True,0.1784658282995224,0.0844443067908287,0.7979372143745422
G:\내 드라이브\side_project\sample\laptop\public\-134-_jpg.rf.a5f4bac67a470bfdda548045e16ddc20.jpg,433a656dc7dfed092559b08ae71dce0b4f3ce0b636025884135282bfdde0ad5e,computer,computer,True,computer;other,True,0.9657589197158813,0.09616474062204361,0.22619900107383728
G:\내 드라이브\side_project\sample\laptop\public\-135-_jpg.rf.33a4b11bd154fba918312324a743933c.jpg,ca71407e7405ea28fdea6e618cad1b81e6ee1ef7e72015169caf37fd91e322b9,computer,computer,True,computer;other,True,0.9666628241539001,0.15698884427547455,0.8838477730751038
G:\내 드라이브\side_project\sample\laptop\public\-135-_jpg.rf.9886ad149fb126a9043082cec85a93d0.jpg,56c570118af6a657010f44d3b82f457c625182ab6a40afd3d04455b4bac8d65b,computer,computer,True,computer;other,True,0.9705060720443726,0.05741206929087639,0.915771484375
G:\내 드라이브\side_project\sample\laptop\public\-136-_jpg.rf.5697a525c40cd5e96a67279b20c2b008.jpg,aea61ba4964627cf17c92d5062bfa1343828a2b7609b6fe6498413fa6c60e84b,computer,computer,True,computer;other,True,0.9646735191345215,0.2045721411705017,0.2994436025619507
G:\내 드라이브\side_project\sample\laptop\public\-136-_jpg.rf.d6b37fd73acc700cc7b86fabf6de712e.jpg,85d42e31f763ef8770572f47ca9f600152aac48233d4226abac0fdc0d2584151,computer,computer,True,computer;book,True,0.968566358089447,0.34581121802330017,0.31033557653427124
G:\내 드라이브\side_project\sample\laptop\public\-137-_jpg.rf.868a9ce53c5021694449a6130d1ef081.jpg,daa8a8c0a823d9ef1e44767642f25d1f8546adf9ea0d39607ed2d524b583145b,computer,computer,True,computer;other,True,0.9055899381637573,0.12337774783372879,0.33689481019973755
G:\내 드라이브\side_project\sample\laptop\public\-138-_jpg.rf.362706fbb2de33b61a2e11e5da4524ed.jpg,ff172a176cf6234ce90ac71a9ab837f4459a1ec2ac465fa8d10e9947c991b16f,computer,computer,True,computer;other,True,0.9691376090049744,0.14080452919006348,0.2515464425086975
G:\내 드라이브\side_project\sample\laptop\public\-138-_jpg.rf.b4f7b2b5e2bf8ca294c44321ce3b0d8f.jpg,ea8b16a2702460de3bd3d7e9290807cb8ebab5f8030c55c40e946dfef0230123,computer,other,False,other;computer,True,0.6312006711959839,0.3202348053455353,0.894598126411438
G:\내 드라이브\side_project\sample\laptop\public\-139-_jpg.rf.4db88cb173eadb8c92045515e5ade615.jpg,d747535757d7208b06107f03a5bce75fc9835460a1101a8729ed2f117f5fbdee,computer,computer,True,computer;other,True,0.9489395022392273,0.04110192880034447,0.09781765192747116
G:\내 드라이브\side_project\sample\laptop\public\-139-_jpg.rf.8144aeca9b0b90b37f91ab46cccec760.jpg,5597ef7baf5a1aa9413914ffe3aa4daad906a8a14eadcf44e0b3f7a48fe396c4,computer,other,False,other;computer,True,0.5291503071784973,0.08695362508296967,0.9463752508163452
G:\내 드라이브\side_project\sample\laptop\public\-14-_jpg.rf.4396358eb94e97cacbe07e65a7f092bc.jpg,e5974fa7401c3d7093448b39e138c3e2ba81b05020d9c482778e550bd4852853,computer,computer,True,computer;other,True,0.9519833922386169,0.2295275628566742,0.5179864168167114
G:\내 드라이브\side_project\sample\laptop\public\-14-_jpg.rf.9140e8f79264ac47a0821d4e9fef9d34.jpg,f52b58bd43824af5aefce7d8def77215db03230c4edf4c04f92fc00527dd58ac,computer,computer,True,computer;other,True,0.9600028991699219,0.18814970552921295,0.36710238456726074
G:\내 드라이브\side_project\sample\laptop\public\-140-_jpg.rf.1df9f947d8e9c3e93a7bf3d3a845de0d.jpg,861980000c31e9e396ebdc1243185376f83a44e2892fa4703d2fdf3ab6786ca4,computer,computer,True,computer;other,True,0.9597703814506531,0.06159103289246559,0.2671854496002197
G:\내 드라이브\side_project\sample\laptop\public\-141-_jpg.rf.3285f0c601f3d1df3c121c05f3f5341b.jpg,d8399a337ec6bb3cc5119eedcb126954eaaa50e75c1a59a10a5f65c9341ac722,computer,other,False,other;computer,True,0.3636001646518707,0.05913989990949631,0.8690334558486938
G:\내 드라이브\side_project\sample\laptop\public\-142-_jpg.rf.7a3f73ad073293d4c1d75fbd4b5cc06a.jpg,90b404773988e926b64d7b2dce439365f27b42d9b2983c694e0d5fb6d738a0be,computer,computer,True,computer;other,True,0.9617626070976257,0.04443218186497688,0.170530766248703
G:\내 드라이브\side_project\sample\laptop\public\-143-_jpg.rf.2665fde818f8b16ef14107c962cb3e2b.jpg,5686048c2d7529c5283db5d8972d492b6619288f574842b03d47320128965d69,computer,computer,True,computer;other,True,0.9616080522537231,0.07156761735677719,0.43676766753196716
G:\내 드라이브\side_project\sample\laptop\public\-143-_jpg.rf.fc887213325c7034b110f3396adc7c9a.jpg,0c05f3a709113edd02e37f8073815309ae9153a00b2c1f90b64556cc0e17f897,computer,computer,True,computer;other,True,0.9787418842315674,0.12384139746427536,0.2429289072751999
G:\내 드라이브\side_project\sample\laptop\public\-144-_jpg.rf.39a0c789caff5f9debfc12c753e537a7.jpg,b9dfc79975284bfe4d67da8a485437a5b3f47449fb05c09537819fc76d4c1b53,computer,computer,True,computer;other,True,0.973225474357605,0.027043351903557777,0.3405679166316986
G:\내 드라이브\side_project\sample\laptop\public\-146-_jpg.rf.050b05f00315515d06b9e4c6027f63e9.jpg,745c732bafa700eeb114b33724b7ecf2cddc8b1a0df5ac2e63a0536f67a0ed9a,computer,computer,True,computer;book,True,0.9650889039039612,0.44073453545570374,0.30565693974494934
G:\내 드라이브\side_project\sample\laptop\public\-15-_jpg.rf.7aed2681f33fe56820e80d1f16e2696f.jpg,7275ecc3faffa738e8b0c9be9fc320b5581ec6b4246d9f71a2f27f866642437d,computer,computer,True,computer;other,True,0.9649916887283325,0.3181454539299011,0.729890763759613
G:\내 드라이브\side_project\sample\laptop\public\-16-_jpg.rf.5b436486f6ba73b6a4e17a1778c80581.jpg,8aee3d72b81544d509168994e0418871903ff03826003f52ed16bc91d21f9751,computer,computer,True,computer;other,True,0.9658841490745544,0.03913722559809685,0.3285551369190216
G:\내 드라이브\side_project\sample\laptop\public\-16-_jpg.rf.8fc634f7034cbf16c3234d98a5a74345.jpg,44fb0e1a1d7cda566f18dc60e4e8179de3780e664e81444b92c0679a85bfe638,computer,other,False,other;computer,True,0.8308635950088501,0.04865086451172829,0.8343360424041748
G:\내 드라이브\side_project\sample\laptop\public\-17-_jpg.rf.08fb91edcaf770e5815f2de2bb0b7ec5.jpg,709fc65254af74279c91eb76158c6d7fa5c9457ee17e28899e6ff7abd8c1b0b1,computer,other,False,other;book,False,0.09646951407194138,0.3400614261627197,0.7742186784744263
G:\내 드라이브\side_project\sample\laptop\public\-17-_jpg.rf.3d538b6f410764b7b87394c2d785750b.jpg,bf8a092beb4bf158b405c55c396ac5461b774a38bca81c54d4d3cd27ffb2df00,computer,computer,True,computer;other,True,0.9677327871322632,0.12186061590909958,0.96677565574646
G:\내 드라이브\side_project\sample\laptop\public\-18-_jpg.rf.3de8a64d7b819aefff37ecb3d437a17f.jpg,969b65fb67425472e4b1df6be4b67ea7fc75dc18e4041bf43212d96224001fa6,computer,other,False,other;computer,True,0.43089717626571655,0.036522287875413895,0.6997787952423096
G:\내 드라이브\side_project\sample\laptop\public\-2-_jpg.rf.0e3b9e5a7abd5b6600db4b6b51bdf490.jpg,2946c3e5bc52474faa308dd944087c61e20cd371379ec640810221a5ac06f80d,computer,computer,True,computer;other,True,0.948971688747406,0.11899705976247787,0.3440307080745697
G:\내 드라이브\side_project\sample\laptop\public\-2-_jpg.rf.e44444a56d95b13a510fb5480ae1c421.jpg,8076f264a677254fc71d4317e32aef7a0aa5b0da75f23d5584e54ab0b765a590,computer,computer,True,computer;other,True,0.9723815321922302,0.06748766452074051,0.9604194760322571
G:\내 드라이브\side_project\sample\laptop\public\-20-_jpg.rf.03837d0148de3f800fc1429662de9718.jpg,0f5cc386f05dae3395a4a2e211c74f695786b06d4b48feb101295cf171bcbc85,computer,computer,True,computer;other,True,0.9555964469909668,0.08019689470529556,0.3197433054447174
G:\내 드라이브\side_project\sample\laptop\public\-21-_jpg.rf.69881c58cf80d65e1b599e5c85eecc96.jpg,ae4ce2773e84dafcc129fa0dc449723a8b48d46f53b35beb838d0909a4b0ebe6,computer,computer,True,computer;other,True,0.9381073117256165,0.137894406914711,0.6412474513053894
G:\내 드라이브\side_project\sample\laptop\public\-21-_jpg.rf.c86b84abf666e7844abca0a9f3dd070b.jpg,de20bf2f17f48843859f4b8394cccc84134eeaa1ce820dd8fdfc5004fa8e0975,computer,computer,True,computer;other,True,0.5933626294136047,0.10456135869026184,0.408244788646698
G:\내 드라이브\side_project\sample\laptop\public\-22-_jpg.rf.c301c1ba1f6a194e823cbdc3407ba4bf.jpg,6e840380bae32ebcdd468a2459409dfa13e36cf09e0b134e96f3c74765d22751,computer,computer,True,computer;other,True,0.7956180572509766,0.07986334711313248,0.29187706112861633
G:\내 드라이브\side_project\sample\laptop\public\-23-_jpg.rf.552200499906fb472fa1c3ebfde61ed3.jpg,8ff7e9b228882ddd892da73cda00de6e7a8eeaa202ed205752dac78c5f549c6a,computer,computer,True,computer;book,True,0.9612302184104919,0.21030333638191223,0.12248889356851578
G:\내 드라이브\side_project\sample\laptop\public\-23-_jpg.rf.dbdf314fcce918e5a83aa0437f3cc77c.jpg,e3b7a761d96fb73e12b550517f7d91e523b6989e8f432ed51bd002418461803d,computer,computer,True,computer;other,True,0.9760738611221313,0.05168120935559273,0.29531240463256836
G:\내 드라이브\side_project\sample\laptop\public\-27-_jpg.rf.5b7f0702045771660fd6335c56cc6e31.jpg,b06051eedd095c401757d9350a262d999efd9aab4010d9ffa8cc76cb8d04488a,computer,computer,True,computer;other,True,0.7744442224502563,0.19347558915615082,0.21702925860881805
G:\내 드라이브\side_project\sample\laptop\public\-28-_jpg.rf.1247ca28780143a75f9596f3f9174cf9.jpg,ddc823e25a32a03e8a377b810af8c2212844778089445c521f527fb9f12bd276,computer,computer,True,computer;book,True,0.9615893363952637,0.30080100893974304,0.27078190445899963
G:\내 드라이브\side_project\sample\laptop\public\-29-_jpg.rf.6e208e15eb15e80bf0ad54ff55fa68c8.jpg,cdf04f13e136c1e3b58c1c6b78b41fea19bf8a774ef31c15691c05398bd80c13,computer,computer,True,computer;other,True,0.9718905687332153,0.03624057024717331,0.3097440302371979
G:\내 드라이브\side_project\sample\laptop\public\-3-_jpg.rf.04beb8155a4f29e7f48c96a81f6dd3bf.jpg,87ec7e025ffdc88d62ae0079da5723c76a384f799ba046ec57a0a6e93570f685,computer,computer,True,computer;other,True,0.9728760123252869,0.22107528150081635,0.7380415201187134
G:\내 드라이브\side_project\sample\laptop\public\-3-_jpg.rf.28f692b656f4f6dc0d6c94fe9f655e09.jpg,6bac736af461622002902078f3972c3dc4b57964e2153ccc817d87ce58691f6e,computer,computer,True,computer;book,True,0.9682765603065491,0.2489926666021347,0.20676648616790771
G:\내 드라이브\side_project\sample\laptop\public\-30-_jpg.rf.3cb345711265edc8433a620ee4144fa7.jpg,6abdd2e7c822bb80d17fd0124fcd6cafb7ca08d33b9294c9495531f75f38fcc7,computer,computer,True,computer;other,True,0.9709506630897522,0.25013577938079834,0.9132705330848694
G:\내 드라이브\side_project\sample\laptop\public\-30-_jpg.rf.7759c5fa365604f437648700bc369890.jpg,e25387c42fc81ebfae453919194af3ad324f2652d1c9b738be76a202ee2f6bac,computer,computer,True,computer;other,True,0.9625411629676819,0.2282765507698059,0.4346702992916107
G:\내 드라이브\side_project\sample\laptop\public\-32-_jpg.rf.22c9b955b4f134a56a188641a099658e.jpg,1b60af8c7f0cdb6e1efcaa72d63ed3b50707fa823617dca78fb1c1c8d2a68319,computer,computer,True,computer;other,True,0.961233377456665,0.1521301120519638,0.93918377161026
G:\내 드라이브\side_project\sample\laptop\public\-32-_jpg.rf.579a52262b331b3c996e224dcab7e48f.jpg,69e151a0ed991b23289b182a905bac849f08403f3275d8501e26167b0449701c,computer,computer,True,computer;other,True,0.9540482759475708,0.12345591187477112,0.26693296432495117
G:\내 드라이브\side_project\sample\laptop\public\-33-_jpg.rf.0ebd8144ffdb021daa5f9adee4a828d0.jpg,f6bde6ff21500080af981029d71bc80023a0bda5c1d941d9ef9fcbb8553a5da3,computer,computer,True,computer;other,True,0.9321941137313843,0.3474900722503662,0.895980954170227
G:\내 드라이브\side_project\sample\laptop\public\-33-_jpg.rf.98ddd2f1a384ae6dac377861c3867eff.jpg,c59e5a2503f36218193bd32f19bb96c282d0adaff7418b185baf92fab43a2e7a,computer,computer,True,computer;other,True,0.970805287361145,0.16233870387077332,0.2981567084789276
G:\내 드라이브\side_project\sample\laptop\public\-35-_jpg.rf.4c3231824816b5409b13178980b584ab.jpg,5074110bacba8304358000e515952eca1732c29580664eb18998367978047832,computer,computer,True,computer;other,True,0.9569990634918213,0.0867576003074646,0.4735146164894104
G:\내 드라이브\side_project\sample\laptop\public\-36-_jpg.rf.628dfa327a452e0c96cd51ce054ea6af.jpg,2d274a624988547d3bf27306eb8e35d9a5c80225871f9183944721698cbb7657,computer,computer,True,computer;other,True,0.9756917953491211,0.27126848697662354,0.3078720271587372
G:\내 드라이브\side_project\sample\laptop\public\-37-_jpg.rf.2d80f745d6e15277ff46f831450077f5.jpg,8933d1839f75a19b8f56918c28e71af7753497863a3cdd3b638a68b4489a6147,computer,computer,True,computer;other,True,0.9681019186973572,0.048670656979084015,0.260628342628479
G:\내 드라이브\side_project\sample\laptop\public\-38-_jpg.rf.86249446d67a80d797ec8063dd16e1bd.jpg,e600a05804f5a576acea103a5149fd1495c2aecd6cb04de431b9e11dcb57ba29,computer,computer,True,computer;other,True,0.957876443862915,0.21571840345859528,0.6719098687171936
G:\내 드라이브\side_project\sample\laptop\public\-39-_jpg.rf.862a8daf55d8e10dba9b9388578f8798.jpg,0e0d510da173c5c3f603ef5f70b4a87c20897148698d6166b0fbf27e11105ea5,computer,computer,True,computer;other,True,0.9641757011413574,0.19455502927303314,0.661771833896637
G:\내 드라이브\side_project\sample\laptop\public\-4-_jpg.rf.36b3a22f2781b2a63510ace570f48b10.jpg,097c1a595acaa65fd13a2556c47b25143940e94ea5f618f4ac14d3b821d1a359,computer,computer,True,computer;other,True,0.9699063897132874,0.06080623343586922,0.32906633615493774
G:\내 드라이브\side_project\sample\laptop\public\-40-_jpg.rf.2a6eedb6e524b25bb225cb62e5108f8c.jpg,c6ad7f1f4fb7103f78b9507e4aee79b377005317aed62aa93a45a7caf54f91b1,computer,computer,True,computer;other,True,0.9701639413833618,0.1307925581932068,0.404326856136322
G:\내 드라이브\side_project\sample\laptop\public\-40-_jpg.rf.84dfe0b81a2d7b50724bf493bfec075b.jpg,28c069f6f5387a9456be8d8c671db1525165cdcb978788f575a3544b61d4388c,computer,computer,True,computer;other,True,0.9760549664497375,0.052910566329956055,0.21651941537857056
G:\내 드라이브\side_project\sample\laptop\public\-41-_jpg.rf.53700b738a8bf5c6f757262f4b460c48.jpg,1bfad607e2f319267af863ae75e2e81e271b8819ecb71a53c00d9641b11f7c9d,computer,other,False,other;computer,True,0.5044358372688293,0.07175043225288391,0.5177927017211914
G:\내 드라이브\side_project\sample\laptop\public\-42-_jpg.rf.aff7f6610e0cafbb895f0143e16157bc.jpg,2dbc9514e0fe3f4f8f58066895b6a74461c657f91d8ec2e92f430e6815f0a89f,computer,computer,True,computer;other,True,0.966296374797821,0.0283662099391222,0.35715705156326294
G:\내 드라이브\side_project\sample\laptop\public\-43-_jpg.rf.a75698863170e895a27f4b045547332c.jpg,ff1c82aab233190fdafb4c666fa1b0aa68b4c60e66bd116bdfd62e63e650d457,computer,computer,True,computer;other,True,0.964647114276886,0.2438306361436844,0.5063531398773193
G:\내 드라이브\side_project\sample\laptop\public\-44-_jpg.rf.3abbcd5ea5cdeba27206ca9c6beb5ab2.jpg,c29f5253bbdd023af291c216433e7f0007e16a5928b3460259b07d85a7571b7d,computer,computer,True,computer;book,True,0.9637630581855774,0.4109753668308258,0.2880244851112366
G:\내 드라이브\side_project\sample\laptop\public\-44-_jpg.rf.6a13d134fae04c7caa97c63183f3b3eb.jpg,7b69c0f37662f17f9ddcb66a9b491b147734193935cd1f5c3088d2d087d456e2,computer,computer,True,computer;other,True,0.9852482080459595,0.08420418947935104,0.8846268653869629
G:\내 드라이브\side_project\sample\laptop\public\-45-_jpg.rf.088a017016b56388a901bc77242e2b5f.jpg,e03bdc601c0bd1371f289f8f841cdeb823717263e5546f457f8bb36b391dda9d,computer,computer,True,computer;other,True,0.9748265743255615,0.30843305587768555,0.9089290499687195
G:\내 드라이브\side_project\sample\laptop\public\-45-_jpg.rf.37024a62fda7ebe5cce3d3ea8d58682e.jpg,a87c408d68a3f436313a405d3fe84c611810d9e1d959d845c16d002d4bddbe47,computer,computer,True,computer;other,True,0.9574509859085083,0.048911068588495255,0.2952954173088074
G:\내 드라이브\side_project\sample\laptop\public\-46-_jpg.rf.03adc623370575a8c9026717ae02571e.jpg,4180a03843d5b82d32d094a0ecf5258c752b6c5229b9b62db84aa5dd3dc0507f,computer,computer,True,computer;other,True,0.9739479422569275,0.15611547231674194,0.37588420510292053
G:\내 드라이브\side_project\sample\laptop\public\-46-_jpg.rf.2ee6dc9f38fb5eca799e018785ca25be.jpg,c2cee5c868fb810be70dfcb100ec91de48d9f38483131a98061df03136722c57,computer,computer,True,computer;other,True,0.8644499182701111,0.09391983598470688,0.3047877252101898
G:\내 드라이브\side_project\sample\laptop\public\-47-_jpg.rf.163e1bd82ff7eeede5a5f95c43cdf639.jpg,e3f4b230aa48c81805fc74c1010a452d1c8281d4854ee1ac2f1e1bc48e3b2b13,computer,computer,True,computer;other,True,0.9720803499221802,0.0968209058046341,0.9374794960021973
G:\내 드라이브\side_project\sample\laptop\public\-48-_jpg.rf.0238e0f2050d85138ec6275c17a9dde3.jpg,af53dc9616485579410521a4510bbf49e3c58ccd35ae2e5badab6943c3ab2611,computer,computer,True,computer;other,True,0.7864863872528076,0.03543239086866379,0.38071486353874207
G:\내 드라이브\side_project\sample\laptop\public\-48-_jpg.rf.b818c018f122b37d7e2d6eb77268540d.jpg,3733408d494db666af063c8fbbd203afd28a80e1752885388819713cf57e688f,computer,computer,True,computer;other,True,0.6079951524734497,0.04218343645334244,0.40620237588882446
G:\내 드라이브\side_project\sample\laptop\public\-49-_jpg.rf.a26287dcff5c2152342201d593864bdb.jpg,9bc434600568b92a66a16efb0f12711a3d7e7d4eccbad87ffbc6c3396a9b5ef0,computer,computer,True,computer;other,True,0.9517346024513245,0.042761653661727905,0.357795387506485
G:\내 드라이브\side_project\sample\laptop\public\-5-_jpg.rf.dc85aa6052b2b2e7535acd7bd4b93f07.jpg,62fd38f4f159b2a9dc0cf9d08ee7932fb4e3753cde07093b0dc15ef533ee5629,computer,other,False,other;computer,True,0.7444040179252625,0.13144168257713318,0.8186296820640564
G:\내 드라이브\side_project\sample\laptop\public\-50-_jpg.rf.2ed1fd590490fbf51950cf76c30b6a4d.jpg,c7c93ee3e441db110fca85030f63596cf8c7885e7560cae965b573cea6fe6d7f,computer,computer,True,computer;other,True,0.9662591814994812,0.23590253293514252,0.27203643321990967
G:\내 드라이브\side_project\sample\laptop\public\-50-_jpg.rf.e3c5402e20e33e8ac4dce325a9a8a9a1.jpg,2360d8888c8d120066f6a0520f8774fa460ef2859190d7cd588421abee8e7eda,computer,computer,True,computer;book,True,0.9275469183921814,0.5552095174789429,0.17533735930919647
G:\내 드라이브\side_project\sample\laptop\public\-51-_jpg.rf.06da4a735b96c415b0c9861805b6f488.jpg,b0d722c06d17e8d8a52e805c249ee8b7aabe7b16da7cd58feb46d780bfacffbb,computer,computer,True,computer;other,True,0.972639799118042,0.04548613354563713,0.8843837380409241
G:\내 드라이브\side_project\sample\laptop\public\-51-_jpg.rf.35f36fb12516a33283ab0b0bbe7c0169.jpg,7f0c1ba4a3b09ce06953fd5d912e18d1ee77a1421fe12a766893b8f735432496,computer,computer,True,computer;other,True,0.9561755061149597,0.07029087096452713,0.36095142364501953
G:\내 드라이브\side_project\sample\laptop\public\-52-_jpg.rf.723a1d82d828c81873ce5ca9274ad8c3.jpg,81461a62be0bb699f2da196d0e49f1af5de0f5281170e6d577cd2afae2bcf053,computer,computer,True,computer;other,True,0.9575188159942627,0.13656234741210938,0.5285244584083557
G:\내 드라이브\side_project\sample\laptop\public\-53-_jpg.rf.50a627940280fe6fe31717654897add3.jpg,e9625cf79c8972d3b192112b89d403fc5d267b4e39316374a1ef89480198ebcf,computer,computer,True,computer;other,True,0.9608139395713806,0.06843865662813187,0.34611421823501587
G:\내 드라이브\side_project\sample\laptop\public\-54-_jpg.rf.626a804dd0f6fa0a9d022a1712cce1e4.jpg,d0e6f18c44e56bffa79b32dc64c339a5af9dd8b13970d9376414d38ef99beedf,computer,computer,True,computer;other,True,0.9687564969062805,0.04892187938094139,0.34222784638404846
G:\내 드라이브\side_project\sample\laptop\public\-54-_jpg.rf.cadb89df0e278975db38af48f38d7134.jpg,5a9534c4e1d8bde05640bfe3b80c321c90ba38b47748150dba37ff90d5dc7171,computer,computer,True,computer;other,True,0.9631257653236389,0.08091358840465546,0.2828778922557831
G:\내 드라이브\side_project\sample\laptop\public\-55-_jpg.rf.073030fde728eab9347f58a143aa1a69.jpg,b585ac0650bb9e01a06742c60633d722a08d72444600401d234c599c4e61844d,computer,computer,True,computer;other,True,0.9776127934455872,0.10362855345010757,0.2798038125038147
G:\내 드라이브\side_project\sample\laptop\public\-55-_jpg.rf.fafa2173b1137badc62a8cef574b7e5a.jpg,f2b31be7ca55e0f8589bb0ad349aa8a8dd0d120c751435c7c2c0c10ab1f11bcf,computer,computer,True,computer;other,True,0.8673642873764038,0.1687018722295761,0.8306126594543457
G:\내 드라이브\side_project\sample\laptop\public\-56-_jpg.rf.6cb2e58ab4530b758dc47948e52520c8.jpg,3f6d4b540b4d61f001e2577a5b5f915cf6e02311c34c01802a89cb0a31960a99,computer,computer,True,computer;other,True,0.9676123857498169,0.04869537800550461,0.3739083409309387
G:\내 드라이브\side_project\sample\laptop\public\-56-_jpg.rf.b9060ace199cb91e2a70d034767db7aa.jpg,fce035f1ecb9329635198e94aa5358dabaed05505238ee31f185fd51d181ea5b,computer,computer,True,computer;other,True,0.6459778547286987,0.024222927168011665,0.4462556838989258
G:\내 드라이브\side_project\sample\laptop\public\-57-_jpg.rf.70337cbbd8ea381d382475b7b6bdefcb.jpg,9be759019bd86ddc5a8d1dd6c336dc60cf30546f31c30b8d93959036fcd8f123,computer,computer,True,computer;other,True,0.932336688041687,0.3061597943305969,0.502982497215271
G:\내 드라이브\side_project\sample\laptop\public\-57-_jpg.rf.ee163f65e0653d37dff3a27a271d3c1d.jpg,a124e227e067ad669dead7d253e7c5ab3d6483e73aed1a0aa8bdcbf96b277950,computer,computer,True,computer;other,True,0.9731295108795166,0.2230847328901291,0.3770256042480469
G:\내 드라이브\side_project\sample\laptop\public\-58-_jpg.rf.7bcb54e1169cd086b5023133de167a09.jpg,270ede625e84d1101625d62dd68f3178f398f8b52c4509560c01d8ed4f6b758b,computer,computer,True,computer;other,True,0.9790589213371277,0.17983758449554443,0.2910165786743164
G:\내 드라이브\side_project\sample\laptop\public\-59-_jpg.rf.6057dd2c5f71beb2c59dfe25a5ea019e.jpg,f4b6bdd3e4709f0a99e2f0490c452a92f0985fecc3248dab37e328568cb3a0d1,computer,computer,True,computer;other,True,0.9570475816726685,0.08029118925333023,0.5253355503082275
G:\내 드라이브\side_project\sample\laptop\public\-6-_jpg.rf.036ca9b136c843383799f714a82fd123.jpg,983583590c3ac27a0ce3fdcc6d30ecb6c49bb1b24fec555173462be14413346a,computer,computer,True,computer;other,True,0.9595144391059875,0.1793999969959259,0.2993595004081726
G:\내 드라이브\side_project\sample\laptop\public\-60-_jpg.rf.195a1898bd4dda2757acc4cd3fefcb7e.jpg,eb7e6b648c29bb71ee459d06773bb0a789dcbbd447fef5bac8fceafed1c2701b,computer,computer,True,computer;other,True,0.5426428318023682,0.03708018362522125,0.2934444546699524
G:\내 드라이브\side_project\sample\laptop\public\-60-_jpg.rf.5404b5c53e8217e9713d8e6a9066e0e3.jpg,ba556e64ca6d968ce036d482b90401f97b63af940ce3f49ae8c1797e44b0db6f,computer,computer,True,computer;other,True,0.7202052474021912,0.05559958145022392,0.4088435173034668
G:\내 드라이브\side_project\sample\laptop\public\-61-_jpg.rf.c4d43ea212bbbce41d0d10ced77f059f.jpg,4464874b13877dc7aa19825c6b0c59a27ad0f019251c19880f40b6dd4e878aad,computer,computer,True,computer;other,True,0.9784905314445496,0.20495666563510895,0.2585315704345703
G:\내 드라이브\side_project\sample\laptop\public\-62-_jpg.rf.8aad1c3d34df20f0b0cd5342ea444b12.jpg,31e2a24154ca280671cac6587c672c4b69072d832fadbf08188843fb89279785,computer,computer,True,computer;other,True,0.9662981033325195,0.1560061275959015,0.24695758521556854
G:\내 드라이브\side_project\sample\laptop\public\-63-_jpg.rf.f53fb4a401f1dd8ed185cd72d980450e.jpg,1de07d39382923298d050dc5c1802baf1443c7077aa5404d125bc6522f196f7d,computer,computer,True,computer;other,True,0.9743649363517761,0.09429284185171127,0.16595327854156494
G:\내 드라이브\side_project\sample\laptop\public\-65-_jpg.rf.b491d92fa87cb6d01b82a2bb5ab6e70f.jpg,b13454b08302967771be2a603e5aa44ac174ec668e229a2d52794165eb4a316f,computer,computer,True,computer;other,True,0.7893631458282471,0.09571391344070435,0.34242725372314453
G:\내 드라이브\side_project\sample\laptop\public\-65-_jpg.rf.c3b798afdb0ce1193a19618a0a8aaebf.jpg,882c8674f86c1361eb474d6409f839f5958ea04dcc08d3b29f5596b2cc6f561d,computer,computer,True,computer;other,True,0.9724892973899841,0.04005397856235504,0.3870009481906891
G:\내 드라이브\side_project\sample\laptop\public\-66-_jpg.rf.be85699b6c4f89ae0ffad30a30be4098.jpg,20042976e166151b25703f7991bf06ccd79e8c19efdd11f1008caac907270907,computer,computer,True,computer;other,True,0.9212061166763306,0.21117740869522095,0.4475319981575012
G:\내 드라이브\side_project\sample\laptop\public\-67-_jpg.rf.268e9923451ddfe489da9054257ed0e8.jpg,cd07549b8937d34fdacdc24da98f6081a6b533358d37cf16078d0a061662595b,computer,computer,True,computer;other,True,0.5620145201683044,0.18453839421272278,0.2335694581270218
G:\내 드라이브\side_project\sample\laptop\public\-68-_jpg.rf.9dc2aa0b83a2596dd004be5559c16a9d.jpg,434036e9193a8bfacf2596b85f1f2949d22d9588ba4a02757f0c23c79e4f5e81,computer,computer,True,computer;other,True,0.9674260020256042,0.062478743493556976,0.2986217141151428
G:\내 드라이브\side_project\sample\laptop\public\-69-_jpg.rf.4060ec13472b3a3fcc6ec4d2c587f847.jpg,05add232f2d2b60d82a3c61564628bb38356fb5728af50d4e1c1b5d0bc751b74,computer,computer,True,computer;other,True,0.9623545408248901,0.043928083032369614,0.3909436762332916
G:\내 드라이브\side_project\sample\laptop\public\-7-_jpg.rf.c294e62a23c0a74ac52234d0bea324ce.jpg,e1f6cfc6ca4c94cc9e72e26f37b01a626f2f12cafb949f71f0f1d53b842a234e,computer,computer,True,computer;other,True,0.9018993377685547,0.07636091113090515,0.36088016629219055
G:\내 드라이브\side_project\sample\laptop\public\-7-_jpg.rf.ed65a94f1f13a192bff7a355ff02d31d.jpg,18338d5dfc71f3e9500e8cdde39347402f0ac627ad5dffdaf8139bfb77bf2e3f,computer,computer,True,computer;other,True,0.9541944861412048,0.03323686495423317,0.3899438679218292
G:\내 드라이브\side_project\sample\laptop\public\-70-_jpg.rf.9ac345e2140a13c5d87206de0dc6d139.jpg,d651620debb530d9e98f54711798f52a7e4f1cc31edb37def7a718796661f96b,computer,computer,True,computer;other,True,0.628124475479126,0.07471190392971039,0.6139799356460571
G:\내 드라이브\side_project\sample\laptop\public\-70-_jpg.rf.f5abce48f8e8f6103a0b760aee099f85.jpg,f4c3e05b4ca9fb067ec899af0be42e4bbfb04284bcc7d5022bad1b0e7e1e4819,computer,computer,True,computer;other,True,0.6401045322418213,0.03342663496732712,0.28480565547943115
G:\내 드라이브\side_project\sample\laptop\public\-71-_jpg.rf.3ad39a0bd0d8a5c38739e978515955a4.jpg,67e689c819341dfd6ee3ca5680cca0306131e474414f1efa319cfe8ad010970d,computer,computer,True,computer;other,True,0.9713594913482666,0.04641209915280342,0.22680887579917908
G:\내 드라이브\side_project\sample\laptop\public\-72-_jpg.rf.8e2794d69095e9efe218ed66d31df06d.jpg,9a37161563fe17e7b7f1427a1fa1ec2aa0071ea422463d4aa31a188066534a8f,computer,computer,True,computer;other,True,0.9657432436943054,0.08850183337926865,0.8971135020256042
G:\내 드라이브\side_project\sample\laptop\public\-72-_jpg.rf.cd068f8558def73a87f3407bf8f591b8.jpg,6ebd8fc0d39dbcba95fcda17294bf72a2071ba4078107a398774ac8450e4ed50,computer,computer,True,computer;other,True,0.9746724367141724,0.0182756707072258,0.3163127303123474
G:\내 드라이브\side_project\sample\laptop\public\-73-_jpg.rf.5b71a9fd20b03b723b0418bf5c5001a1.jpg,9e47f3622dc0065264113610e720f5c6a4882230c517c6187cf408c2f8524c59,computer,computer,True,computer;other,True,0.9738015532493591,0.0218735933303833,0.2383897751569748
G:\내 드라이브\side_project\sample\laptop\public\-74-_jpg.rf.6a215d685767c2fc58b0c5b3c8c27d12.jpg,b6e8a2457dd845e37c5e6828cdcfe098f71fd455774163183691bad53ea6dd67,computer,computer,True,computer;other,True,0.970173180103302,0.07003217190504074,0.7671391367912292
G:\내 드라이브\side_project\sample\laptop\public\-74-_jpg.rf.b8a12bb7a16003b6c96d3fd8accb58e4.jpg,20f9d3b628f71b41ac8ad8540c99119df1a8d69d81c89e793e319d350a513436,computer,computer,True,computer;other,True,0.9179147481918335,0.048967912793159485,0.21714462339878082
G:\내 드라이브\side_project\sample\laptop\public\-75-_jpg.rf.6b79e65fa10663cea05ce978b5ecf21d.jpg,bdde13c568560d23dc1497371b5ecba771fcbb3aaf1f60f4b72c302cb7873788,computer,computer,True,computer;other,True,0.709235429763794,0.15458455681800842,0.5345739126205444
G:\내 드라이브\side_project\sample\laptop\public\-76-_jpg.rf.307ee5e2ee879e569158c87e4abdac35.jpg,fea956a7b5af4fb78fb92fbf808412558c97c2c6f925bad784d8d9edd522d2f4,computer,computer,True,computer;other,True,0.9520949721336365,0.02805919013917446,0.2937978208065033
G:\내 드라이브\side_project\sample\laptop\public\-77-_jpg.rf.3dbc2a08b2a686b22bed87e2ba3a2754.jpg,e09aabbacb1a7b762897ef0df032f8b6a1c7983866f31dbacd2cc25b6c840286,computer,computer,True,computer;other,True,0.6317718029022217,0.26081570982933044,0.4736703932285309
G:\내 드라이브\side_project\sample\laptop\public\-78-_jpg.rf.5982c1ce44dce0f8e6ab2df4f84f4738.jpg,04c2a2469d55b5321d436e5b8ea4078debd80035f88edd9e3507d5699ef37378,computer,computer,True,computer;other,True,0.704756498336792,0.09024139493703842,0.1928105652332306
G:\내 드라이브\side_project\sample\laptop\public\-79-_jpg.rf.1c5ebea1c1551da194900aa104d39e3d.jpg,a5cca13398043f6a7c13f75b6e124b8dc7f67e9f4e092539ff97189c5f491604,computer,computer,True,computer;other,True,0.9545819163322449,0.23371928930282593,0.2981015741825104
G:\내 드라이브\side_project\sample\laptop\public\-8-_jpg.rf.8706f08f0cd98e017817174f40a78d16.jpg,5ad041be145b950d8f235f010eb250ca34f7bf0288ca2820f42775e6be6c9058,computer,computer,True,computer;other,True,0.9729601144790649,0.07006669789552689,0.2017013281583786
G:\내 드라이브\side_project\sample\laptop\public\-8-_jpg.rf.9bdc934e396f8ef906677a0bd7ca8f85.jpg,0758d329581cb886944c6435dc4c58b1cb3d555cdabb68c8797c5b9329594255,computer,computer,True,computer;other,True,0.9732047915458679,0.0357423759996891,0.32460692524909973
G:\내 드라이브\side_project\sample\laptop\public\-80-_jpg.rf.5395bf343593d9dad277743fcec3e4fa.jpg,96e16ab799e9e6a2f094971dbd6fed7115e052344510a5f651595f7d3afd7a30,computer,computer,True,computer;other,True,0.9762016534805298,0.06734409928321838,0.30617472529411316
G:\내 드라이브\side_project\sample\laptop\public\-80-_jpg.rf.a5c158922fab7f5657729fd921ee7609.jpg,94d60b40fa39986c1eabc4673e15331e1ceb8fb26fdd62822d0ee2c5d43b26f5,computer,computer,True,computer;other,True,0.9594203233718872,0.08100426942110062,0.3421543538570404
G:\내 드라이브\side_project\sample\laptop\public\-81-_jpg.rf.f3857d20271f026d72e8b70da629354f.jpg,61c7989402d434cf28961d0ee16c3cf0464e7fa1b466a427998e01135a940233,computer,computer,True,computer;other,True,0.9753564596176147,0.04771046340465546,0.48793908953666687
G:\내 드라이브\side_project\sample\laptop\public\-82-_jpg.rf.b7b29c1150d01823fa4ead6c9834d277.jpg,6e2c30187f3be5abc360ccd8ffd77c821344d191ca17d08341dcba5888a2f7b3,computer,computer,True,computer;other,True,0.945807933807373,0.09938153624534607,0.6962257027626038
G:\내 드라이브\side_project\sample\laptop\public\-82-_jpg.rf.d5047aa040ea560f766093c0fa2101a6.jpg,75c47128bb108fb22f1f9c260113d44bcb931db22a1956df837d9d8af16f4193,computer,computer,True,computer;other,True,0.9720776081085205,0.01918831095099449,0.2657408118247986
G:\내 드라이브\side_project\sample\laptop\public\-83-_jpg.rf.10be76965b04399e7256edae4bf76098.jpg,b08811f4decc71e15e258daceecf3cba0d3af23c1a9c169fca822d4631286b50,computer,computer,True,computer;other,True,0.9678101539611816,0.09117747843265533,0.4374866485595703
G:\내 드라이브\side_project\sample\laptop\public\-84-_jpg.rf.f5f7819dd91e47ccd87610d26281ded5.jpg,3d08232e3b5e6acf2513b6d6fae4de2c861f6ae1954d0feec5473eae48f07b9e,computer,computer,True,computer;other,True,0.9637527465820312,0.040539052337408066,0.17873965203762054
G:\내 드라이브\side_project\sample\laptop\public\-85-_jpg.rf.dc4e8a44c8721bc83a4958245007ef5a.jpg,12579e44aee054df51e242a57a265af70fdc483e8094b1bf483dcdaefad52312,computer,computer,True,computer;other,True,0.9728367924690247,0.018764015287160873,0.17752479016780853
G:\내 드라이브\side_project\sample\laptop\public\-86-_jpg.rf.26e27d47e05ab03ae204f2d3a9995859.jpg,50fe64fcd9679df1921e69edbf283bd7342e664aa273b3986f4e8054c3f7152a,computer,computer,True,computer;other,True,0.9681214690208435,0.08799168467521667,0.3197666108608246
G:\내 드라이브\side_project\sample\laptop\public\-87-_jpg.rf.6d7c8bbd4bc724943ddaf0b783dbf9f1.jpg,cc365ecd7b901397334c8c086496e35a4272657a2b5cddaf15e2ecff6978cb4f,computer,computer,True,computer;other,True,0.9683456420898438,0.08892466127872467,0.09360472857952118
G:\내 드라이브\side_project\sample\laptop\public\-88-_jpg.rf.0ba17fdd74e3b4902c84d7e29e46ca13.jpg,726ac279ac939ec716ad5598556071582cc542107c96380236eb1857d7f439be,computer,computer,True,computer;other,True,0.7554300427436829,0.024930162355303764,0.670458972454071
G:\내 드라이브\side_project\sample\laptop\public\-88-_jpg.rf.da034fa958698096dc2becdb5ec233f1.jpg,0d6fc56f8346e9267f8a3eafaea82eab9298c6be3c77dfad3741446f90101316,computer,computer,True,computer;other,True,0.9616667032241821,0.04624515771865845,0.33506470918655396
G:\내 드라이브\side_project\sample\laptop\public\-89-_jpg.rf.5a7e9755bae5621c2afa0c1c2d33b6f1.jpg,a54f07458ab37b51ffa2b284e3e73b912e978f4bdf7d9e1de0cf43a810501f8d,computer,other,False,other;computer,True,0.12174980342388153,0.11848023533821106,0.9119430780410767
G:\내 드라이브\side_project\sample\laptop\public\-90-_jpg.rf.70b094f49749359978d43913990caa0e.jpg,87969170da6f155fe7f195a0886f13161d4e6975e84054c832ec527060fb83e1,computer,computer,True,computer;other,True,0.973339319229126,0.024007420986890793,0.24337483942508698
G:\내 드라이브\side_project\sample\laptop\public\-90-_jpg.rf.bcd7d9de499dac56173760d11d84afc9.jpg,f56c4439afb307bb023e950ae501a76c48954e4996cafdc1aa5d77078354633b,computer,computer,True,computer;book,True,0.9693417549133301,0.6278122663497925,0.28230300545692444
G:\내 드라이브\side_project\sample\laptop\public\-91-_jpg.rf.7458b93f67261bf76865e1d198313211.jpg,8b37fc49b8398f74113d69a8ac4569c882a90fd66aa78fc03bf9cc4ecb8097bb,computer,computer,True,computer;other,True,0.9685765504837036,0.13253091275691986,0.2623283267021179
G:\내 드라이브\side_project\sample\laptop\public\-92-_jpg.rf.2a3e43cfce2a15711c0a7f47b92f1d52.jpg,16d9f845065f937567bc62e512cd74dd7f8083a306d00037a29218405389f1b0,computer,computer,True,computer;other,True,0.8403158783912659,0.16790856420993805,0.313787043094635
G:\내 드라이브\side_project\sample\laptop\public\-92-_jpg.rf.bacdb09a14c094a407c7542643fcd68d.jpg,49b91960b17494d03ec46efa05a3dbbc6ef235732bbfba1b12ce26dbc665c859,computer,computer,True,computer;other,True,0.9675498604774475,0.0975748673081398,0.4048032760620117
G:\내 드라이브\side_project\sample\laptop\public\-93-_jpg.rf.40e4e37c227a343c3231b0585eb31629.jpg,de6833f78348da612f2b934c5c87f99c683bfe577b1d34d75767548e0aeba583,computer,computer,True,computer;other,True,0.9467828869819641,0.04779372736811638,0.3579120635986328
G:\내 드라이브\side_project\sample\laptop\public\-94-_jpg.rf.bafe90aff8587db7952788cfd39914e2.jpg,f66e48994297ae96b5a9046da6286e6705563ebe3880652374792cd35c041deb,computer,computer,True,computer;other,True,0.85331130027771,0.03025713376700878,0.5342446565628052
G:\내 드라이브\side_project\sample\laptop\public\-95-_jpg.rf.2e14310258d6750e4107f38b9f5c4945.jpg,64240308f10b054a3fd1618b5362f9ab1c0d8dd1dbe4f67ee391a39ad625b27c,computer,computer,True,computer;other,True,0.9667595028877258,0.07131247967481613,0.5710878372192383
G:\내 드라이브\side_project\sample\laptop\public\-95-_jpg.rf.fcb58ebe05da358b16de1469e76ad05f.jpg,f03a3e94d1ed066102a1ce1d9e3e27f17cd92bc08317d6924e276c54ac777fd3,computer,computer,True,computer;other,True,0.9646561145782471,0.052283164113759995,0.3046981394290924
G:\내 드라이브\side_project\sample\laptop\public\-96-_jpg.rf.3d84fa055d2bd7f2a5220b17905c389e.jpg,26641b1e0652d5f2d501f3ef3ea9dacde2ff11d3c216df8d56063eb9d73b612b,computer,computer,True,computer;other,True,0.960349977016449,0.16667349636554718,0.6684495210647583
G:\내 드라이브\side_project\sample\laptop\public\-96-_jpg.rf.6380930574fe5e2b386a591f2341e8f3.jpg,0cddc137a9381adedecd11afded0d9af090d0a18057ff7ade963e3636b4e8403,computer,computer,True,computer;other,True,0.9607299566268921,0.05779363960027695,0.26952552795410156
G:\내 드라이브\side_project\sample\laptop\public\-97-_jpg.rf.dc42909ea314215d903a7e688a007870.jpg,8c2d99045919569e3184555040f1434c0bd9bca342f97a63286f45e25ef8bff0,computer,computer,True,computer;other,True,0.9778192639350891,0.046604882925748825,0.5242854356765747
G:\내 드라이브\side_project\sample\laptop\public\-98-_jpg.rf.0b173111cd210816ca236eafb4d84365.jpg,8eb1397ec6f4a861281c6adc2e92d64ca6f7d5932843a1a0869be2f0928ab615,computer,computer,True,computer;other,True,0.9688058495521545,0.1452789008617401,0.39302951097488403
G:\내 드라이브\side_project\sample\laptop\public\-99-_jpg.rf.1fa1f8e1e22c0f70e5f29e71536b0625.jpg,86edd025c291b992214bcd43d9fc1607b3fc186d30935f05926a09fb5896f510,computer,computer,True,computer;other,True,0.9693142175674438,0.1189553290605545,0.6332440972328186
G:\내 드라이브\side_project\sample\laptop\public\-99-_jpg.rf.b6e5d61811458990eef6f8d0da0eab1f.jpg,ceb28eb59cca87e793a57e339c492e7d2d4283306cdc2bf7b645aafba1321123,computer,computer,True,computer;other,True,0.9638246297836304,0.1923818290233612,0.20905454456806183
G:\내 드라이브\side_project\sample\laptop\public\labtop_pinterest_1.jpeg,cb524472fc4e53f1fbd68f1d79886c2f0eb71cb18920ecc8a2375e2a7a4612c9,computer,computer,True,computer;other,True,0.9648388624191284,0.03295975178480148,0.963477373123169
G:\내 드라이브\side_project\sample\laptop\public\labtop_pinterest_2.jpeg,6d21969a3c4b0a8cc1c41bb9ca9e99c5672df8f46230d465878b45fed9a35527,computer,computer,True,computer;other,True,0.9766371250152588,0.8355957269668579,0.9312978982925415
G:\내 드라이브\side_project\sample\laptop\public\labtop_pinterest_3.jpeg,db00b88b04585dc6330dee7221cdb877be12d7e54be23e6f379a27c1cfdb765d,computer,computer,True,computer;other,True,0.9671573042869568,0.06383216381072998,0.9474641680717468
G:\내 드라이브\side_project\sample\laptop\public\labtop_pinterest_4.jpeg,c82aa5234f049bcd94e55b94145532c5a149d7412d5fa9246878a39bdba14c81,computer,computer,True,computer;book,True,0.9687989354133606,0.9201452136039734,0.6250170469284058
G:\내 드라이브\side_project\sample\laptop\public\labtop_pinterest_5.jpeg,4e12797d4622536c1d0f68b1815c937992de7fcad78152703e8b0084229c9162,computer,computer,True,computer;other,True,0.9665096402168274,0.8589839339256287,0.920269787311554
G:\내 드라이브\side_project\sample\laptop\public\labtop_pinterest_6.jpeg,3dce418cbdafde48273ae53fcecb8f2eda36ec06d20088097f7068f7d4218884,computer,computer,True,computer;other,True,0.9617466330528259,0.8294667601585388,0.8753967881202698
G:\내 드라이브\side_project\sample\laptop\public\labtop_pinterest_7.jpeg,e648fb4a794f003c7509d3cd01b635e536d7eab7acbbbb71c01f50c79176d9d3,computer,book,False,book;other,False,0.9305702447891235,0.9566372036933899,0.949715256690979
G:\내 드라이브\side_project\sample\table\table1.jpeg,d5c1a9e5623e54271fbe9b7fae124facc0671a7b0d4288a3294b2312ef1674a0,other,other,True,other,True,0.026682019233703613,0.02393523044884205,0.565889298915863
G:\내 드라이브\side_project\sample\table\table10.jpeg,d0be7630d53c9ba97efd43379765b7193e36dee323cae3d7cc3497a255dafe1a,other,other,True,other;book,True,0.0,0.28411316871643066,0.9180083870887756
G:\내 드라이브\side_project\sample\table\table11.jpeg,6bd3ffa092107551847ff7f0a3d6291caaac42759a1165ea04e305eec136fc43,other,other,True,other;book,True,0.0,0.7409090399742126,0.9294553995132446
G:\내 드라이브\side_project\sample\table\table12.jpeg,0b4a5d9523b11b41884df1459bf82490a5a55ed7a63d03666f35841c2d551b6d,other,other,True,other;book,True,0.03494856879115105,0.5588984489440918,0.9322802424430847
G:\내 드라이브\side_project\sample\table\table13.jpeg,aaa4719edada8e8d9969ee2f93328490e9592d693a762accc4b885eb6b92da54,other,other,True,other;book,True,0.0,0.19788098335266113,0.8879389762878418
G:\내 드라이브\side_project\sample\table\table14.jpeg,a7ecf7f9875cbbfa37d32ca84edf48d8f03af1d66d94e8fc6e62f0f8e43af956,other,other,True,other;book,True,0.0,0.08532332628965378,0.9506881833076477
G:\내 드라이브\side_project\sample\table\table15.jpeg,e5d66bc50e2a5e9c75b7892a4c43a2e0017087b22bd6fdeca15eb02977d1f950,other,other,True,other;book,True,0.03639659658074379,0.12718147039413452,0.30147016048431396
G:\내 드라이브\side_project\sample\table\table2.jpeg,840946faad5728ebe977a2f1e5e095e1d43de30bbbbd761af100b82c47265e75,other,other,True,other;book,True,0.037752725183963776,0.16633112728595734,0.8056085705757141
G:\내 드라이브\side_project\sample\table\table3.jpeg,80d9c372149df1bfe725b1c9af4f9e355219150fa5e5393ea3524dde966ab65e,other,other,True,other,True,0.0,0.0,0.931163489818573
G:\내 드라이브\side_project\sample\table\table4.jpeg,89753f536f4986cb0c1d61ddfcc686c13c14e677e065756484f8f0b0b53c901d,other,other,True,other;computer,True,0.0586736798286438,0.03559670224785805,0.1546250432729721
G:\내 드라이브\side_project\sample\table\table5.jpeg,6462977fb335123c082fcec34b8e3218de30a5a13133a8278f344f0ae0721391,other,other,True,other;book,True,0.0,0.7532983422279358,0.9548021554946899
G:\내 드라이브\side_project\sample\table\table6.jpeg,264493f9bd5d6acde99fde7efae499fdad94c56c6be9e4066839d1d0573b95ba,other,other,True,other,True,0.0,0.0,0.9504266381263733
G:\내 드라이브\side_project\sample\table\table7.jpeg,f16fb52e56c382a46526c155b288419985f87e6279410ff7e41375fc8787ff6e,other,other,True,other;book,True,0.027536846697330475,0.07138889282941818,0.9521468281745911
G:\내 드라이브\side_project\sample\table\table8.jpeg,4b32f58d4605d7f17a9c2cda70098caa5ab36dba581e2f582cc1ce62ebf660b5,other,other,True,other,True,0.0,0.0,0.9532448649406433
G:\내 드라이브\side_project\sample\table\table9.jpeg,1e1db0c3cca22433ccb67c6114c9f681ac43174fb5f8870c8407445e0a6b4a61,other,other,True,other;book,True,0.09157188981771469,0.32921576499938965,0.9156003594398499
