model,source,images,correct,computer,book,other
rtmdet-tiny,bed,13,12,1,0,12
rtmdet-tiny,bicycle,31,31,0,0,31
rtmdet-tiny,book,71,48,2,48,21
rtmdet-tiny,guitar,42,42,0,0,42
rtmdet-tiny,laptop,200,178,178,1,21
rtmdet-tiny,table,15,15,0,0,15
rtmdet-s,bed,13,12,1,0,12
rtmdet-s,bicycle,31,31,0,0,31
rtmdet-s,book,71,55,0,55,16
rtmdet-s,guitar,42,41,1,0,41
rtmdet-s,laptop,200,183,183,0,17
rtmdet-s,table,15,15,0,0,15
rtmdet-m,bed,13,13,0,0,13
rtmdet-m,bicycle,31,31,0,0,31
rtmdet-m,book,71,56,0,56,15
rtmdet-m,guitar,42,42,0,0,42
rtmdet-m,laptop,200,189,189,0,11
rtmdet-m,table,15,15,0,0,15
rtmdet-l,bed,13,13,0,0,13
rtmdet-l,bicycle,31,31,0,0,31
rtmdet-l,book,71,55,0,55,16
rtmdet-l,guitar,42,41,1,0,41
rtmdet-l,laptop,200,189,189,0,11
rtmdet-l,table,15,15,0,0,15
rtmdet-x,bed,13,13,0,0,13
rtmdet-x,bicycle,31,31,0,0,31
rtmdet-x,book,71,61,0,61,10
rtmdet-x,guitar,42,41,0,1,41
rtmdet-x,laptop,200,189,189,0,11
rtmdet-x,table,15,15,0,0,15
yolo26l,bed,13,12,1,0,12
yolo26l,bicycle,31,31,0,0,31
yolo26l,book,71,58,0,58,13
yolo26l,guitar,42,41,0,1,41
yolo26l,laptop,200,184,184,2,14
yolo26l,table,15,15,0,0,15
yolo26m,bed,13,13,0,0,13
yolo26m,bicycle,31,31,0,0,31
yolo26m,book,71,54,1,54,16
yolo26m,guitar,42,41,1,0,41
yolo26m,laptop,200,179,179,0,21
yolo26m,table,15,15,0,0,15
yolo11l,bed,13,12,1,0,12
yolo11l,bicycle,31,31,0,0,31
yolo11l,book,71,59,0,59,12
yolo11l,guitar,42,42,0,0,42
yolo11l,laptop,200,182,182,1,17
yolo11l,table,15,15,0,0,15
yolo11m,bed,13,12,1,0,12
yolo11m,bicycle,31,31,0,0,31
yolo11m,book,71,60,1,60,10
yolo11m,guitar,42,41,0,1,41
yolo11m,laptop,200,172,172,1,27
yolo11m,table,15,15,0,0,15
yolov10l,bed,13,13,0,0,13
yolov10l,bicycle,31,31,0,0,31
yolov10l,book,71,61,0,61,10
yolov10l,guitar,42,41,1,0,41
yolov10l,laptop,200,186,186,1,13
yolov10l,table,15,15,0,0,15
yolov10m,bed,13,13,0,0,13
yolov10m,bicycle,31,31,0,0,31
yolov10m,book,71,59,0,59,12
yolov10m,guitar,42,41,0,1,41
yolov10m,laptop,200,182,182,1,17
yolov10m,table,15,15,0,0,15
rtdetrv2-r50,bed,13,13,0,0,13
rtdetrv2-r50,bicycle,31,31,0,0,31
rtdetrv2-r50,book,71,61,0,61,10
rtdetrv2-r50,guitar,42,41,0,1,41
rtdetrv2-r50,laptop,200,195,195,0,5
rtdetrv2-r50,table,15,15,0,0,15
rtdetrv2-r34,bed,13,13,0,0,13
rtdetrv2-r34,bicycle,31,31,0,0,31
rtdetrv2-r34,book,71,58,0,58,13
rtdetrv2-r34,guitar,42,42,0,0,42
rtdetrv2-r34,laptop,200,191,191,1,8
rtdetrv2-r34,table,15,15,0,0,15
rtdetr-r50,bed,13,13,0,0,13
rtdetr-r50,bicycle,31,31,0,0,31
rtdetr-r50,book,71,52,0,52,19
rtdetr-r50,guitar,42,41,0,1,41
rtdetr-r50,laptop,200,197,197,0,3
rtdetr-r50,table,15,15,0,0,15
rtdetr-r18,bed,13,13,0,0,13
rtdetr-r18,bicycle,31,31,0,0,31
rtdetr-r18,book,71,49,0,49,22
rtdetr-r18,guitar,42,42,0,0,42
rtdetr-r18,laptop,200,190,190,1,9
rtdetr-r18,table,15,15,0,0,15
rf-detr-large,bed,13,13,0,0,13
rf-detr-large,bicycle,31,31,0,0,31
rf-detr-large,book,71,59,0,59,12
rf-detr-large,guitar,42,41,0,1,41
rf-detr-large,laptop,200,191,191,0,9
rf-detr-large,table,15,15,0,0,15
dfine-l-obj2coco,bed,13,13,0,0,13
dfine-l-obj2coco,bicycle,31,31,0,0,31
dfine-l-obj2coco,book,71,58,0,58,13
dfine-l-obj2coco,guitar,42,41,0,1,41
dfine-l-obj2coco,laptop,200,194,194,0,6
dfine-l-obj2coco,table,15,15,0,0,15
lw-detr-large,bed,13,13,0,0,13
lw-detr-large,bicycle,31,31,0,0,31
lw-detr-large,book,71,64,0,64,7
lw-detr-large,guitar,42,41,0,1,41
lw-detr-large,laptop,200,184,184,1,15
lw-detr-large,table,15,15,0,0,15
rf-detr-medium,bed,13,13,0,0,13
rf-detr-medium,bicycle,31,31,0,0,31
rf-detr-medium,book,71,57,0,57,14
rf-detr-medium,guitar,42,41,0,1,41
rf-detr-medium,laptop,200,192,192,0,8
rf-detr-medium,table,15,15,0,0,15
yolov13l,bed,13,13,0,0,13
yolov13l,bicycle,31,31,0,0,31
yolov13l,book,71,61,0,61,10
yolov13l,guitar,42,41,0,1,41
yolov13l,laptop,200,189,189,1,10
yolov13l,table,15,15,0,0,15
