model,cohort,images,correct,accuracy,false_accepts,negatives,fpr,false_rejects,positives,fnr,book_misses,computer_misses,target_class_confusions,meets_both_5pct,latency_ms,params_m,code_license,commercial_status,fixed_vs_rtmdet_x,regressed_vs_rtmdet_x,mcnemar_exact_p_unadjusted
rtdetrv2-r50,corrected RT-DETR,372,356,0.956989247311828,1,101,0.009900990099009901,15,271,0.055350553505535055,10,5,0,False,888.5979572553889,43.0,Apache-2.0,permissive_with_notices,12,6,0.237884521484375
dfine-l-obj2coco,new 5,372,352,0.946236559139785,1,101,0.009900990099009901,19,271,0.07011070110701106,13,6,0,False,1226.6884338678992,31.244152,Apache-2.0,objects365_terms_review,11,9,0.8238029479980469
rtdetrv2-r34,corrected RT-DETR,372,350,0.9408602150537635,0,101,0.0,21,271,0.07749077490774908,13,8,1,False,616.1575978559251,31.5,Apache-2.0,permissive_with_notices,10,10,1.0
yolov13l,new 5,372,350,0.9408602150537635,1,101,0.009900990099009901,20,271,0.07380073800738007,10,10,1,False,668.1485174646881,27.627783,AGPL-3.0,copyleft_or_separate_permission,9,9,1.0
rtmdet-x,RTMDet reference,372,350,0.9408602150537635,1,101,0.009900990099009901,21,271,0.07749077490774908,10,11,0,False,1346.6511533168348,,Apache-2.0,permissive_with_notices,0,0,1.0
rf-detr-large,new 5,372,350,0.9408602150537635,1,101,0.009900990099009901,21,271,0.07749077490774908,12,9,0,False,1203.668406449749,33.933218,Apache-2.0,permissive_with_notices,13,13,1.0
rtdetr-r50,corrected RT-DETR,372,349,0.9381720430107527,1,101,0.009900990099009901,22,271,0.08118081180811808,19,3,0,False,1355.402225539619,43.0,Apache-2.0,permissive_with_notices,11,12,1.0
rf-detr-medium,new 5,372,349,0.9381720430107527,1,101,0.009900990099009901,22,271,0.08118081180811808,14,8,0,False,435.6545750007925,33.687458,Apache-2.0,permissive_with_notices,11,12,1.0
lw-detr-large,new 5,372,348,0.9354838709677419,1,101,0.009900990099009901,22,271,0.08118081180811808,7,15,1,False,1331.79058225873,46.82365,Apache-2.0,objects365_terms_review,11,13,0.8388197422027588
yolov10l,previous YOLO,372,347,0.9327956989247311,1,101,0.009900990099009901,23,271,0.08487084870848709,10,13,1,False,581.2053282216932,24.4,AGPL-3.0,copyleft_or_separate_permission,4,7,0.548828125
rtmdet-m,RTMDet reference,372,346,0.9301075268817204,0,101,0.0,26,271,0.0959409594095941,15,11,0,False,481.05836353140825,,Apache-2.0,permissive_with_notices,7,11,0.480682373046875
rtmdet-l,RTMDet reference,372,344,0.9247311827956989,1,101,0.009900990099009901,27,271,0.0996309963099631,16,11,0,False,835.8881405927533,,Apache-2.0,permissive_with_notices,5,11,0.210113525390625
yolo11l,previous YOLO,372,341,0.9166666666666666,1,101,0.009900990099009901,29,271,0.1070110701107011,12,17,1,False,441.2642655855355,25.3,AGPL-3.0,copyleft_or_separate_permission,7,16,0.0931396484375
yolov10m,previous YOLO,372,341,0.9166666666666666,1,101,0.009900990099009901,29,271,0.1070110701107011,12,17,1,False,310.3736943542777,15.4,AGPL-3.0,copyleft_or_separate_permission,3,12,0.03515625
yolo26l,previous YOLO,372,341,0.9166666666666666,2,101,0.019801980198019802,27,271,0.0996309963099631,13,14,2,False,397.1368317218167,24.8,AGPL-3.0,copyleft_or_separate_permission,7,16,0.0931396484375
rtdetr-r18,corrected RT-DETR,372,340,0.9139784946236559,0,101,0.0,31,271,0.11439114391143912,22,9,1,False,760.8987032248068,20.2,Apache-2.0,permissive_with_notices,9,19,0.08715855330228806
rtmdet-s,RTMDet reference,372,337,0.9059139784946236,2,101,0.019801980198019802,33,271,0.12177121771217712,16,17,0,False,251.6811568116624,,Apache-2.0,permissive_with_notices,6,19,0.01463329792022705
yolo26m,previous YOLO,372,333,0.8951612903225806,1,101,0.009900990099009901,37,271,0.13653136531365315,16,21,1,False,330.96751451469777,20.4,AGPL-3.0,copyleft_or_separate_permission,5,22,0.0015137195587158203
yolo11m,previous YOLO,372,331,0.8897849462365591,2,101,0.019801980198019802,37,271,0.13653136531365315,10,27,2,False,347.03900645329287,20.1,AGPL-3.0,copyleft_or_separate_permission,7,26,0.0013187271542847157
rtmdet-tiny,RTMDet reference,372,326,0.8763440860215054,1,101,0.009900990099009901,42,271,0.15498154981549817,21,21,3,False,176.0048010743492,,Apache-2.0,permissive_with_notices,5,29,3.8558151572942734e-05
