model,sha256,source,file,truth,rtmdet_x,candidate
rf-detr-large,5096f861a85a94a80e09d2195e9b1c1faa58cfb018981d013c8c17ab0d04e96f,book,book15.jpeg,book,book,other
rf-detr-large,88f24c001759beca4e8ef4041128d6ed09a964e7034592dc30e4f23ef982ce72,book,book16.jpeg,book,book,other
rf-detr-large,fbab81106235cd716b6ddb9af1bf4a4e34c35a1237380cb9e184342297f34d2f,book,book21.jpeg,book,other,book
rf-detr-large,2ec8d625cdbe6768c72aadfdd224a1d71895e4ad7d36aba49009a81a7ac5955d,book,book24.jpeg,book,other,book
rf-detr-large,65e4cb0da863b0485cc43ce69eca5cc6e6c46bfc0c81cd3a8960c30de149a8c8,book,book26.jpeg,book,book,other
rf-detr-large,3c7ae814618ace76fae33a59337fbe84d9cefefc54b5e23f6d3d91981607aae3,book,book32.jpeg,book,book,other
rf-detr-large,0a2ebefb59daf21ccc2eb8cd85d44ff964d0058034b4724966111446d51ef7c1,book,book35.jpeg,book,book,other
rf-detr-large,4e38f7509e29d28bc207e1989be8c26db0f569ee6e1836cb64d2ac22813e678c,book,book42.jpeg,book,book,other
rf-detr-large,fd6a8d8f0b9000e4cf59e9f8e7a02b6ddfffdc35bea25067cce07633ffb54928,book,book46.jpeg,book,other,book
rf-detr-large,0fae613dede5b38487f2e0ba8a9b0659eafa9dca0d4686c740d920d49a4b5598,book,book47.jpeg,book,other,book
rf-detr-large,3a4fc3d44fa704abd4c0425425dd9cd0bd0929893acfbeb5995e9c312a4d5c44,book,book48.jpeg,book,book,other
rf-detr-large,d3fa8be57617f296a076e531ca7840163a477f5b12d4d3bd2b6c3a8d6a1e616b,book,book_0021_db124081108638ea.jpg,book,other,book
rf-detr-large,0910b533827e0e684e1cc5d2d7d197ed9fb90d6e1b501e53b51bebb2af8523f9,laptop,-108-_jpg.rf.6ce609d8bbb6d42b209a16dea454175c.jpg,computer,computer,other
rf-detr-large,b87cc8116dc94952048ecc4b58fcd28916a9ba48788b4c83ad97f98bce469170,laptop,-121-_jpg.rf.0cdd397381cb7010cf8a157f22edde87.jpg,computer,other,computer
rf-detr-large,0fa38b529646e65f01238de9f0b4954ccbfc1561983dc74942eb41cd213f60bb,laptop,-126-_jpg.rf.526fa020a3c7e60d231b3a67ec3d2b91.jpg,computer,other,computer
rf-detr-large,61dd825681d128d3c7b1e7b54ef9073165925c387b0945d8be660b2a95f5df35,laptop,-129-_jpg.rf.8a3409e710ae990a121be5f92999f07a.jpg,computer,other,computer
rf-detr-large,ea8b16a2702460de3bd3d7e9290807cb8ebab5f8030c55c40e946dfef0230123,laptop,-138-_jpg.rf.b4f7b2b5e2bf8ca294c44321ce3b0d8f.jpg,computer,other,computer
rf-detr-large,e5974fa7401c3d7093448b39e138c3e2ba81b05020d9c482778e550bd4852853,laptop,-14-_jpg.rf.4396358eb94e97cacbe07e65a7f092bc.jpg,computer,other,computer
rf-detr-large,d8399a337ec6bb3cc5119eedcb126954eaaa50e75c1a59a10a5f65c9341ac722,laptop,-141-_jpg.rf.3285f0c601f3d1df3c121c05f3f5341b.jpg,computer,computer,other
rf-detr-large,709fc65254af74279c91eb76158c6d7fa5c9457ee17e28899e6ff7abd8c1b0b1,laptop,-17-_jpg.rf.08fb91edcaf770e5815f2de2bb0b7ec5.jpg,computer,computer,other
rf-detr-large,6e840380bae32ebcdd468a2459409dfa13e36cf09e0b134e96f3c74765d22751,laptop,-22-_jpg.rf.c301c1ba1f6a194e823cbdc3407ba4bf.jpg,computer,other,computer
rf-detr-large,b06051eedd095c401757d9350a262d999efd9aab4010d9ffa8cc76cb8d04488a,laptop,-27-_jpg.rf.5b7f0702045771660fd6335c56cc6e31.jpg,computer,other,computer
rf-detr-large,cdf04f13e136c1e3b58c1c6b78b41fea19bf8a774ef31c15691c05398bd80c13,laptop,-29-_jpg.rf.6e208e15eb15e80bf0ad54ff55fa68c8.jpg,computer,computer,other
rf-detr-large,bdde13c568560d23dc1497371b5ecba771fcbb3aaf1f60f4b72c302cb7873788,laptop,-75-_jpg.rf.6b79e65fa10663cea05ce978b5ecf21d.jpg,computer,computer,other
rf-detr-large,86edd025c291b992214bcd43d9fc1607b3fc186d30935f05926a09fb5896f510,laptop,-99-_jpg.rf.1fa1f8e1e22c0f70e5f29e71536b0625.jpg,computer,other,computer
rf-detr-large,e648fb4a794f003c7509d3cd01b635e536d7eab7acbbbb71c01f50c79176d9d3,laptop,labtop_pinterest_7.jpeg,computer,computer,other
dfine-l-obj2coco,88f24c001759beca4e8ef4041128d6ed09a964e7034592dc30e4f23ef982ce72,book,book16.jpeg,book,book,other
dfine-l-obj2coco,cfb435eef867216e48ac9f48c33b1c431c2cd8556d85c853e5bb29cd469808aa,book,book20.jpeg,book,book,other
dfine-l-obj2coco,2ec8d625cdbe6768c72aadfdd224a1d71895e4ad7d36aba49009a81a7ac5955d,book,book24.jpeg,book,other,book
dfine-l-obj2coco,0a2ebefb59daf21ccc2eb8cd85d44ff964d0058034b4724966111446d51ef7c1,book,book35.jpeg,book,book,other
dfine-l-obj2coco,4e38f7509e29d28bc207e1989be8c26db0f569ee6e1836cb64d2ac22813e678c,book,book42.jpeg,book,book,other
dfine-l-obj2coco,fd6a8d8f0b9000e4cf59e9f8e7a02b6ddfffdc35bea25067cce07633ffb54928,book,book46.jpeg,book,other,book
dfine-l-obj2coco,0fae613dede5b38487f2e0ba8a9b0659eafa9dca0d4686c740d920d49a4b5598,book,book47.jpeg,book,other,book
dfine-l-obj2coco,19e9ee7c01ee9d432b77d216eb2e5ba5860d98c9141c13d277b9bd3bc77eb20d,book,book_0014_4b523b5b89444fcf.jpg,book,book,other
dfine-l-obj2coco,fad5f2e0289f6b52ce5f74df36d00ff0ef0cdae8d912434bd68d7c9a6cf2ae5b,book,book_pinterest_4.jpeg,book,book,other
dfine-l-obj2coco,7e05e90dbf64581e1b69108dfc686abd03a5d1f23242c42cdad78642150d1f33,laptop,-122-_jpg.rf.4b6b954e0e29560a38bc012be5f7440a.jpg,computer,computer,other
dfine-l-obj2coco,35c913f4f80e471be18727bccc0d91951eb319bdfb88351453448a0bb73037f7,laptop,-123-_jpg.rf.04888dcf0b45660614927206a106bbac.jpg,computer,other,computer
dfine-l-obj2coco,61dd825681d128d3c7b1e7b54ef9073165925c387b0945d8be660b2a95f5df35,laptop,-129-_jpg.rf.8a3409e710ae990a121be5f92999f07a.jpg,computer,other,computer
dfine-l-obj2coco,ea8b16a2702460de3bd3d7e9290807cb8ebab5f8030c55c40e946dfef0230123,laptop,-138-_jpg.rf.b4f7b2b5e2bf8ca294c44321ce3b0d8f.jpg,computer,other,computer
dfine-l-obj2coco,5597ef7baf5a1aa9413914ffe3aa4daad906a8a14eadcf44e0b3f7a48fe396c4,laptop,-139-_jpg.rf.8144aeca9b0b90b37f91ab46cccec760.jpg,computer,other,computer
dfine-l-obj2coco,e5974fa7401c3d7093448b39e138c3e2ba81b05020d9c482778e550bd4852853,laptop,-14-_jpg.rf.4396358eb94e97cacbe07e65a7f092bc.jpg,computer,other,computer
dfine-l-obj2coco,709fc65254af74279c91eb76158c6d7fa5c9457ee17e28899e6ff7abd8c1b0b1,laptop,-17-_jpg.rf.08fb91edcaf770e5815f2de2bb0b7ec5.jpg,computer,computer,other
dfine-l-obj2coco,6e840380bae32ebcdd468a2459409dfa13e36cf09e0b134e96f3c74765d22751,laptop,-22-_jpg.rf.c301c1ba1f6a194e823cbdc3407ba4bf.jpg,computer,other,computer
dfine-l-obj2coco,b06051eedd095c401757d9350a262d999efd9aab4010d9ffa8cc76cb8d04488a,laptop,-27-_jpg.rf.5b7f0702045771660fd6335c56cc6e31.jpg,computer,other,computer
dfine-l-obj2coco,a54f07458ab37b51ffa2b284e3e73b912e978f4bdf7d9e1de0cf43a810501f8d,laptop,-89-_jpg.rf.5a7e9755bae5621c2afa0c1c2d33b6f1.jpg,computer,computer,other
dfine-l-obj2coco,86edd025c291b992214bcd43d9fc1607b3fc186d30935f05926a09fb5896f510,laptop,-99-_jpg.rf.1fa1f8e1e22c0f70e5f29e71536b0625.jpg,computer,other,computer
lw-detr-large,88f24c001759beca4e8ef4041128d6ed09a964e7034592dc30e4f23ef982ce72,book,book16.jpeg,book,book,other
lw-detr-large,cfb435eef867216e48ac9f48c33b1c431c2cd8556d85c853e5bb29cd469808aa,book,book20.jpeg,book,book,other
lw-detr-large,fbab81106235cd716b6ddb9af1bf4a4e34c35a1237380cb9e184342297f34d2f,book,book21.jpeg,book,other,book
lw-detr-large,2ec8d625cdbe6768c72aadfdd224a1d71895e4ad7d36aba49009a81a7ac5955d,book,book24.jpeg,book,other,book
lw-detr-large,4e38f7509e29d28bc207e1989be8c26db0f569ee6e1836cb64d2ac22813e678c,book,book42.jpeg,book,book,other
lw-detr-large,fd6a8d8f0b9000e4cf59e9f8e7a02b6ddfffdc35bea25067cce07633ffb54928,book,book46.jpeg,book,other,book
lw-detr-large,0fae613dede5b38487f2e0ba8a9b0659eafa9dca0d4686c740d920d49a4b5598,book,book47.jpeg,book,other,book
lw-detr-large,f2e70a0e796ee0eeb60865453eddaf437f83057417a811998fd0515ffe154008,book,book7.jpeg,book,other,book
lw-detr-large,b9d3b509fe57fea6c3a0aff31fca5b7ffb37a518a20b7a28d85b3a668792768b,book,book_0016_dacff59f9391a87b.jpg,book,other,book
lw-detr-large,a37afa9ae213d76ec340b08ac34f52c7b3758a8fa9ddb0bf089208446320f8c8,laptop,-116-_jpg.rf.07e93009489b8dd81e6fb26d65112924.jpg,computer,computer,other
lw-detr-large,7e05e90dbf64581e1b69108dfc686abd03a5d1f23242c42cdad78642150d1f33,laptop,-122-_jpg.rf.4b6b954e0e29560a38bc012be5f7440a.jpg,computer,computer,other
lw-detr-large,61dd825681d128d3c7b1e7b54ef9073165925c387b0945d8be660b2a95f5df35,laptop,-129-_jpg.rf.8a3409e710ae990a121be5f92999f07a.jpg,computer,other,computer
lw-detr-large,543ed92f3e44ae3d8b150fba703d8b7e64357e6cf2ff0e5217cf474d166dee0a,laptop,-134-_jpg.rf.46019f7a9074625041d2da1accca09f2.jpg,computer,computer,other
lw-detr-large,e5974fa7401c3d7093448b39e138c3e2ba81b05020d9c482778e550bd4852853,laptop,-14-_jpg.rf.4396358eb94e97cacbe07e65a7f092bc.jpg,computer,other,computer
lw-detr-large,d8399a337ec6bb3cc5119eedcb126954eaaa50e75c1a59a10a5f65c9341ac722,laptop,-141-_jpg.rf.3285f0c601f3d1df3c121c05f3f5341b.jpg,computer,computer,other
lw-detr-large,44fb0e1a1d7cda566f18dc60e4e8179de3780e664e81444b92c0679a85bfe638,laptop,-16-_jpg.rf.8fc634f7034cbf16c3234d98a5a74345.jpg,computer,computer,other
lw-detr-large,709fc65254af74279c91eb76158c6d7fa5c9457ee17e28899e6ff7abd8c1b0b1,laptop,-17-_jpg.rf.08fb91edcaf770e5815f2de2bb0b7ec5.jpg,computer,computer,other
lw-detr-large,969b65fb67425472e4b1df6be4b67ea7fc75dc18e4041bf43212d96224001fa6,laptop,-18-_jpg.rf.3de8a64d7b819aefff37ecb3d437a17f.jpg,computer,computer,other
lw-detr-large,6e840380bae32ebcdd468a2459409dfa13e36cf09e0b134e96f3c74765d22751,laptop,-22-_jpg.rf.c301c1ba1f6a194e823cbdc3407ba4bf.jpg,computer,other,computer
lw-detr-large,b06051eedd095c401757d9350a262d999efd9aab4010d9ffa8cc76cb8d04488a,laptop,-27-_jpg.rf.5b7f0702045771660fd6335c56cc6e31.jpg,computer,other,computer
lw-detr-large,1bfad607e2f319267af863ae75e2e81e271b8819ecb71a53c00d9641b11f7c9d,laptop,-41-_jpg.rf.53700b738a8bf5c6f757262f4b460c48.jpg,computer,computer,other
lw-detr-large,a54f07458ab37b51ffa2b284e3e73b912e978f4bdf7d9e1de0cf43a810501f8d,laptop,-89-_jpg.rf.5a7e9755bae5621c2afa0c1c2d33b6f1.jpg,computer,computer,other
lw-detr-large,86edd025c291b992214bcd43d9fc1607b3fc186d30935f05926a09fb5896f510,laptop,-99-_jpg.rf.1fa1f8e1e22c0f70e5f29e71536b0625.jpg,computer,other,computer
lw-detr-large,e648fb4a794f003c7509d3cd01b635e536d7eab7acbbbb71c01f50c79176d9d3,laptop,labtop_pinterest_7.jpeg,computer,computer,book
rf-detr-medium,5096f861a85a94a80e09d2195e9b1c1faa58cfb018981d013c8c17ab0d04e96f,book,book15.jpeg,book,book,other
rf-detr-medium,88f24c001759beca4e8ef4041128d6ed09a964e7034592dc30e4f23ef982ce72,book,book16.jpeg,book,book,other
rf-detr-medium,fbab81106235cd716b6ddb9af1bf4a4e34c35a1237380cb9e184342297f34d2f,book,book21.jpeg,book,other,book
rf-detr-medium,2ec8d625cdbe6768c72aadfdd224a1d71895e4ad7d36aba49009a81a7ac5955d,book,book24.jpeg,book,other,book
rf-detr-medium,65e4cb0da863b0485cc43ce69eca5cc6e6c46bfc0c81cd3a8960c30de149a8c8,book,book26.jpeg,book,book,other
rf-detr-medium,3c7ae814618ace76fae33a59337fbe84d9cefefc54b5e23f6d3d91981607aae3,book,book32.jpeg,book,book,other
rf-detr-medium,0a2ebefb59daf21ccc2eb8cd85d44ff964d0058034b4724966111446d51ef7c1,book,book35.jpeg,book,book,other
rf-detr-medium,4e38f7509e29d28bc207e1989be8c26db0f569ee6e1836cb64d2ac22813e678c,book,book42.jpeg,book,book,other
rf-detr-medium,fd6a8d8f0b9000e4cf59e9f8e7a02b6ddfffdc35bea25067cce07633ffb54928,book,book46.jpeg,book,other,book
rf-detr-medium,0fae613dede5b38487f2e0ba8a9b0659eafa9dca0d4686c740d920d49a4b5598,book,book47.jpeg,book,other,book
rf-detr-medium,3a4fc3d44fa704abd4c0425425dd9cd0bd0929893acfbeb5995e9c312a4d5c44,book,book48.jpeg,book,book,other
rf-detr-medium,900921e8f02307770870957326521701e67310acfdb8b3125b457445e49862e6,book,book_pinterest_8.jpeg,book,book,other
rf-detr-medium,b87cc8116dc94952048ecc4b58fcd28916a9ba48788b4c83ad97f98bce469170,laptop,-121-_jpg.rf.0cdd397381cb7010cf8a157f22edde87.jpg,computer,other,computer
rf-detr-medium,61dd825681d128d3c7b1e7b54ef9073165925c387b0945d8be660b2a95f5df35,laptop,-129-_jpg.rf.8a3409e710ae990a121be5f92999f07a.jpg,computer,other,computer
rf-detr-medium,ea8b16a2702460de3bd3d7e9290807cb8ebab5f8030c55c40e946dfef0230123,laptop,-138-_jpg.rf.b4f7b2b5e2bf8ca294c44321ce3b0d8f.jpg,computer,other,computer
rf-detr-medium,e5974fa7401c3d7093448b39e138c3e2ba81b05020d9c482778e550bd4852853,laptop,-14-_jpg.rf.4396358eb94e97cacbe07e65a7f092bc.jpg,computer,other,computer
rf-detr-medium,d8399a337ec6bb3cc5119eedcb126954eaaa50e75c1a59a10a5f65c9341ac722,laptop,-141-_jpg.rf.3285f0c601f3d1df3c121c05f3f5341b.jpg,computer,computer,other
rf-detr-medium,709fc65254af74279c91eb76158c6d7fa5c9457ee17e28899e6ff7abd8c1b0b1,laptop,-17-_jpg.rf.08fb91edcaf770e5815f2de2bb0b7ec5.jpg,computer,computer,other
rf-detr-medium,6e840380bae32ebcdd468a2459409dfa13e36cf09e0b134e96f3c74765d22751,laptop,-22-_jpg.rf.c301c1ba1f6a194e823cbdc3407ba4bf.jpg,computer,other,computer
rf-detr-medium,b06051eedd095c401757d9350a262d999efd9aab4010d9ffa8cc76cb8d04488a,laptop,-27-_jpg.rf.5b7f0702045771660fd6335c56cc6e31.jpg,computer,other,computer
rf-detr-medium,bdde13c568560d23dc1497371b5ecba771fcbb3aaf1f60f4b72c302cb7873788,laptop,-75-_jpg.rf.6b79e65fa10663cea05ce978b5ecf21d.jpg,computer,computer,other
rf-detr-medium,86edd025c291b992214bcd43d9fc1607b3fc186d30935f05926a09fb5896f510,laptop,-99-_jpg.rf.1fa1f8e1e22c0f70e5f29e71536b0625.jpg,computer,other,computer
rf-detr-medium,e648fb4a794f003c7509d3cd01b635e536d7eab7acbbbb71c01f50c79176d9d3,laptop,labtop_pinterest_7.jpeg,computer,computer,other
yolov13l,8e3dd012e6601fbbdf465131eb1abfaa012445bb44b37bd422da2369388db52f,book,book17.jpeg,book,book,other
yolov13l,2ec8d625cdbe6768c72aadfdd224a1d71895e4ad7d36aba49009a81a7ac5955d,book,book24.jpeg,book,other,book
yolov13l,1384dc295efe83f941a80cd536f9a82f53bee6ce3fa54e473d43c74eb6942e73,book,book29.jpeg,book,book,other
yolov13l,f2e70a0e796ee0eeb60865453eddaf437f83057417a811998fd0515ffe154008,book,book7.jpeg,book,other,book
yolov13l,67b2d40d49457b70cf3ae9ae6486c61dc13372451374c4e383f9a542429c9472,book,book_0020_ac1d9f4001b2bb0e.jpg,book,other,book
yolov13l,f3249b46212289b738542a79ae2a401352349496dfd7154022c2b66121a631dc,book,book_pinterest_1.jpeg,book,book,other
yolov13l,906fb456806a083aea32553e41b9a2d5761c2b5705b300ff96014bd4cc88e3fb,laptop,-106-_jpg.rf.bed97b68d69edb26531b2a7a8fdd98af.jpg,computer,computer,other
yolov13l,5fb1111e5e3c283313d0e762efe268e4360d41bbe2a5dfe53e0a266a13b27ffa,laptop,-121-_jpg.rf.340ccdd236fd14112bcd903a3fc28765.jpg,computer,computer,other
yolov13l,7e05e90dbf64581e1b69108dfc686abd03a5d1f23242c42cdad78642150d1f33,laptop,-122-_jpg.rf.4b6b954e0e29560a38bc012be5f7440a.jpg,computer,computer,other
yolov13l,35c913f4f80e471be18727bccc0d91951eb319bdfb88351453448a0bb73037f7,laptop,-123-_jpg.rf.04888dcf0b45660614927206a106bbac.jpg,computer,other,computer
yolov13l,61dd825681d128d3c7b1e7b54ef9073165925c387b0945d8be660b2a95f5df35,laptop,-129-_jpg.rf.8a3409e710ae990a121be5f92999f07a.jpg,computer,other,computer
yolov13l,ea8b16a2702460de3bd3d7e9290807cb8ebab5f8030c55c40e946dfef0230123,laptop,-138-_jpg.rf.b4f7b2b5e2bf8ca294c44321ce3b0d8f.jpg,computer,other,computer
yolov13l,e5974fa7401c3d7093448b39e138c3e2ba81b05020d9c482778e550bd4852853,laptop,-14-_jpg.rf.4396358eb94e97cacbe07e65a7f092bc.jpg,computer,other,computer
yolov13l,44fb0e1a1d7cda566f18dc60e4e8179de3780e664e81444b92c0679a85bfe638,laptop,-16-_jpg.rf.8fc634f7034cbf16c3234d98a5a74345.jpg,computer,computer,other
yolov13l,709fc65254af74279c91eb76158c6d7fa5c9457ee17e28899e6ff7abd8c1b0b1,laptop,-17-_jpg.rf.08fb91edcaf770e5815f2de2bb0b7ec5.jpg,computer,computer,book
yolov13l,6e840380bae32ebcdd468a2459409dfa13e36cf09e0b134e96f3c74765d22751,laptop,-22-_jpg.rf.c301c1ba1f6a194e823cbdc3407ba4bf.jpg,computer,other,computer
yolov13l,86edd025c291b992214bcd43d9fc1607b3fc186d30935f05926a09fb5896f510,laptop,-99-_jpg.rf.1fa1f8e1e22c0f70e5f29e71536b0625.jpg,computer,other,computer
yolov13l,cb524472fc4e53f1fbd68f1d79886c2f0eb71cb18920ecc8a2375e2a7a4612c9,laptop,labtop_pinterest_1.jpeg,computer,computer,other
