model,class,support,tp,misses,recall,precision,fpr,fnr
rtdetrv2-r50,computer,200,195,5,0.975,1.0,0.0,0.025000000000000022
rtdetrv2-r50,book,71,61,10,0.8591549295774648,0.9838709677419355,0.0033222591362126247,0.14084507042253525
rtdetrv2-r50,other,101,100,1,0.9900990099009901,0.8695652173913043,0.055350553505535055,0.00990099009900991
dfine-l-obj2coco,computer,200,194,6,0.97,1.0,0.0,0.030000000000000027
dfine-l-obj2coco,book,71,58,13,0.8169014084507042,0.9830508474576272,0.0033222591362126247,0.18309859154929575
dfine-l-obj2coco,other,101,100,1,0.9900990099009901,0.8403361344537815,0.07011070110701106,0.00990099009900991
rf-detr-large,computer,200,191,9,0.955,1.0,0.0,0.04500000000000004
rf-detr-large,book,71,59,12,0.8309859154929577,0.9833333333333333,0.0033222591362126247,0.16901408450704225
rf-detr-large,other,101,100,1,0.9900990099009901,0.8264462809917356,0.07749077490774908,0.00990099009900991
yolov13l,computer,200,189,11,0.945,1.0,0.0,0.05500000000000005
yolov13l,book,71,61,10,0.8591549295774648,0.9682539682539683,0.006644518272425249,0.14084507042253525
yolov13l,other,101,100,1,0.9900990099009901,0.8333333333333334,0.07380073800738007,0.00990099009900991
rtmdet-x,computer,200,189,11,0.945,1.0,0.0,0.05500000000000005
rtmdet-x,book,71,61,10,0.8591549295774648,0.9838709677419355,0.0033222591362126247,0.14084507042253525
rtmdet-x,other,101,100,1,0.9900990099009901,0.8264462809917356,0.07749077490774908,0.00990099009900991
rf-detr-medium,computer,200,192,8,0.96,1.0,0.0,0.040000000000000036
rf-detr-medium,book,71,57,14,0.8028169014084507,0.9827586206896551,0.0033222591362126247,0.19718309859154926
rf-detr-medium,other,101,100,1,0.9900990099009901,0.819672131147541,0.08118081180811808,0.00990099009900991
lw-detr-large,computer,200,184,16,0.92,1.0,0.0,0.07999999999999996
lw-detr-large,book,71,64,7,0.9014084507042254,0.9696969696969697,0.006644518272425249,0.09859154929577463
lw-detr-large,other,101,100,1,0.9900990099009901,0.819672131147541,0.08118081180811808,0.00990099009900991
rtmdet-m,computer,200,189,11,0.945,1.0,0.0,0.05500000000000005
rtmdet-m,book,71,56,15,0.7887323943661971,1.0,0.0,0.21126760563380287
rtmdet-m,other,101,101,0,1.0,0.7952755905511811,0.0959409594095941,0.0
rtmdet-l,computer,200,189,11,0.945,0.9947368421052631,0.005813953488372093,0.05500000000000005
rtmdet-l,book,71,55,16,0.7746478873239436,1.0,0.0,0.22535211267605637
rtmdet-l,other,101,100,1,0.9900990099009901,0.7874015748031497,0.0996309963099631,0.00990099009900991
rtmdet-s,computer,200,183,17,0.915,0.9891891891891892,0.011627906976744186,0.08499999999999996
rtmdet-s,book,71,55,16,0.7746478873239436,1.0,0.0,0.22535211267605637
rtmdet-s,other,101,99,2,0.9801980198019802,0.75,0.12177121771217712,0.01980198019801982
rtmdet-tiny,computer,200,178,22,0.89,0.9834254143646409,0.01744186046511628,0.10999999999999999
rtmdet-tiny,book,71,48,23,0.676056338028169,0.9795918367346939,0.0033222591362126247,0.323943661971831
rtmdet-tiny,other,101,100,1,0.9900990099009901,0.704225352112676,0.15498154981549817,0.00990099009900991
