model,display_name,top_k,class,support,tp,fn,fp,recall,fnr,precision,fpr
rtdetrv2-r50,RT-DETRv2-R50,1,computer,200,195,5,0,0.975,0.025000000000000022,1.0,0.0
rtdetrv2-r50,RT-DETRv2-R50,1,book,71,61,10,1,0.8591549295774648,0.14084507042253525,0.9838709677419355,0.0033222591362126247
rtdetrv2-r50,RT-DETRv2-R50,2,computer,200,200,0,22,1.0,0.0,0.9009009009009009,0.12790697674418605
rtdetrv2-r50,RT-DETRv2-R50,2,book,71,71,0,46,1.0,0.0,0.6068376068376068,0.15282392026578073
rtdetrv2-r34,RT-DETRv2-R34,1,computer,200,191,9,0,0.955,0.04500000000000004,1.0,0.0
rtdetrv2-r34,RT-DETRv2-R34,1,book,71,58,13,1,0.8169014084507042,0.18309859154929575,0.9830508474576272,0.0033222591362126247
rtdetrv2-r34,RT-DETRv2-R34,2,computer,200,198,2,21,0.99,0.010000000000000009,0.9041095890410958,0.12209302325581395
rtdetrv2-r34,RT-DETRv2-R34,2,book,71,71,0,66,1.0,0.0,0.5182481751824818,0.21926910299003322
lw-detr-large,LW-DETR Large,1,computer,200,184,16,0,0.92,0.07999999999999996,1.0,0.0
lw-detr-large,LW-DETR Large,1,book,71,64,7,2,0.9014084507042254,0.09859154929577463,0.9696969696969697,0.006644518272425249
lw-detr-large,LW-DETR Large,2,computer,200,197,3,11,0.985,0.015000000000000013,0.9471153846153846,0.06395348837209303
lw-detr-large,LW-DETR Large,2,book,71,71,0,41,1.0,0.0,0.6339285714285714,0.1362126245847176
